[
{
    "model": "auth.group",
    "pk": 1,
    "fields": {
        "name": "\u0427\u0438\u0442\u0430\u0442\u0435\u043b\u0438",
        "permissions": []
    }
},
{
    "model": "auth.group",
    "pk": 2,
    "fields": {
        "name": "\u0411\u0438\u0431\u043b\u0438\u043e\u0442\u0435\u043a\u0430\u0440\u0438-\u0430\u0434\u043c\u0438\u043d\u0438\u0441\u0442\u0440\u0430\u0442\u043e\u0440\u044b",
        "permissions": []
    }
},
{
    "model": "auth.group",
    "pk": 3,
    "fields": {
        "name": "\u0411\u0438\u0431\u043b\u0438\u043e\u0442\u0435\u043a\u0430\u0440\u0438-\u043a\u043e\u043c\u043f\u043b\u0435\u043a\u0442\u0430\u0442\u043e\u0440\u044b",
        "permissions": []
    }
},
{
    "model": "auth.group",
    "pk": 4,
    "fields": {
        "name": "\u0411\u0438\u0431\u043b\u0438\u043e\u0442\u0435\u043a\u0430\u0440\u0438-\u043a\u0430\u0442\u0430\u043b\u043e\u0433\u0438\u0437\u0430\u0442\u043e\u0440\u044b",
        "permissions": []
    }
},
{
    "model": "auth.user",
    "pk": 17,
    "fields": {
        "password": "pbkdf2_sha256$36000$2dkRkBma83Q6$S8TShL/YV8aWW4mUh0lrVT0t88272kAkSLOLCHZjXDw=",
        "last_login": "2018-03-28T13:07:04.822Z",
        "is_superuser": true,
        "username": "admin",
        "first_name": "\u0410\u043b\u0435\u043a\u0441\u0430\u043d\u0434\u0440 \u041d\u0438\u043a\u043e\u043b\u0430\u0435\u0432\u0438\u0447",
        "last_name": "\u041c\u043e\u043d\u0430\u0441\u0442\u044b\u0440\u0435\u0446\u043a\u0438\u0439",
        "email": "alex.mon1989@gmail.com",
        "is_staff": true,
        "is_active": true,
        "date_joined": "2016-12-02T11:42:17Z",
        "groups": [],
        "user_permissions": []
    }
},
{
    "model": "auth.user",
    "pk": 22,
    "fields": {
        "password": "pbkdf2_sha256$36000$9ZvGVRSDRmEV$WYZSAX0abGWNOVRBYmi6RFWBI6PTCivxsGGpnD04GXw=",
        "last_login": "2018-03-28T13:07:57.370Z",
        "is_superuser": false,
        "username": "ivanov",
        "first_name": "\u0418\u0432\u0430\u043d \u0418\u0432\u0430\u043d\u043e\u0432\u0438\u0447",
        "last_name": "\u0418\u0432\u0430\u043d\u043e\u0432",
        "email": "ivanov@gmail.com",
        "is_staff": false,
        "is_active": true,
        "date_joined": "2016-12-02T13:02:11Z",
        "groups": [
            1
        ],
        "user_permissions": []
    }
},
{
    "model": "auth.user",
    "pk": 23,
    "fields": {
        "password": "pbkdf2_sha256$36000$mTF4lybI9rPU$k8q9dQc5tmJHvLM19mWO9G3gJDgQ+KPJL6+G/qm0QHs=",
        "last_login": "2018-03-28T13:05:09.688Z",
        "is_superuser": false,
        "username": "library",
        "first_name": "\u0410\u043b\u0435\u043a\u0441\u0430\u043d\u0434\u0440 \u041d\u0438\u043a\u043e\u043b\u0430\u0435\u0432\u0438\u0447",
        "last_name": "\u041c\u043e\u043d\u0430\u0441\u0442\u044b\u0440\u0435\u0446\u043a\u0438\u0439",
        "email": "alex.mon1989@gmail.com",
        "is_staff": false,
        "is_active": true,
        "date_joined": "2016-12-13T13:32:15Z",
        "groups": [
            2
        ],
        "user_permissions": []
    }
},
{
    "model": "auth.user",
    "pk": 26,
    "fields": {
        "password": "pbkdf2_sha256$30000$K2lkOUR8egKE$2l0W+3iBxgYOS4Hb0Or6OxRNCsJPC2krJW08Kgnm8qk=",
        "last_login": null,
        "is_superuser": false,
        "username": "user123",
        "first_name": "\u042e\u0437\u0435\u0440",
        "last_name": "\u042e\u0437\u0435\u0440",
        "email": "",
        "is_staff": false,
        "is_active": true,
        "date_joined": "2016-12-15T08:43:59Z",
        "groups": [
            1
        ],
        "user_permissions": []
    }
},
{
    "model": "auth.user",
    "pk": 27,
    "fields": {
        "password": "pbkdf2_sha256$36000$HbDCMmZbgAzO$5z8O3Tts0xoy2a0q6Z6B1gdPpwmzRVLPv6YmdeKHP6w=",
        "last_login": "2018-03-28T13:06:27.350Z",
        "is_superuser": false,
        "username": "library2",
        "first_name": "\u041f\u0435\u0442\u0440 \u041f\u0435\u0442\u0440\u043e\u0432\u0438\u0447",
        "last_name": "\u041f\u0435\u0442\u0440\u043e\u0432",
        "email": "petrov@petrov.com",
        "is_staff": false,
        "is_active": true,
        "date_joined": "2016-12-21T09:17:58.955Z",
        "groups": [
            3
        ],
        "user_permissions": []
    }
},
{
    "model": "auth.user",
    "pk": 28,
    "fields": {
        "password": "pbkdf2_sha256$30000$HGUROpjJLERo$s3oB++qzgajhMlTj5xW61Jot2uDx9EWp4EwduffYvWw=",
        "last_login": "2017-01-18T08:28:13.437Z",
        "is_superuser": false,
        "username": "library3",
        "first_name": "\u0424\u0451\u0434\u043e\u0440 \u0424\u0451\u0434\u043e\u0440\u043e\u0432\u0438\u0447",
        "last_name": "\u0424\u0435\u0434\u043e\u0440\u043e\u0432",
        "email": "fedorov@fedorov.com",
        "is_staff": false,
        "is_active": true,
        "date_joined": "2016-12-21T09:28:16Z",
        "groups": [
            4
        ],
        "user_permissions": []
    }
},
{
    "model": "auth.user",
    "pk": 29,
    "fields": {
        "password": "pbkdf2_sha256$30000$jUDOok21EaMF$gx3Mo24CCjQ9YcBwdDjoAhKaD7UMZcW7z4oPUaT8VOg=",
        "last_login": null,
        "is_superuser": false,
        "username": "library5",
        "first_name": "\u0410\u043b\u0435\u043a\u0441\u0430\u043d\u0434\u0440 \u041d\u0438\u043a\u043e\u043b\u0430\u0435\u0432\u0438\u0447",
        "last_name": "\u0410\u043b\u0435\u043a\u0441\u0430\u043d\u0434\u0440\u043e\u0432",
        "email": "alexandrov@alexandrov.com",
        "is_staff": false,
        "is_active": true,
        "date_joined": "2016-12-21T11:45:09.393Z",
        "groups": [
            3
        ],
        "user_permissions": []
    }
},
{
    "model": "auth.user",
    "pk": 30,
    "fields": {
        "password": "pbkdf2_sha256$30000$5JVCDwEttLz1$6sp6NhJe4A9JxuiSDy76R8WNOeIu59EFeUDDDrI7ovU=",
        "last_login": "2016-12-21T14:03:24.614Z",
        "is_superuser": false,
        "username": "reader2",
        "first_name": "\u0427\u0438\u0442\u0430\u0442\u0435\u043b\u044c",
        "last_name": "\u0427\u0438\u0442\u0430\u0442\u0435\u043b\u044c",
        "email": "reader2@gmail.com",
        "is_staff": false,
        "is_active": true,
        "date_joined": "2016-12-21T14:03:11.068Z",
        "groups": [
            1
        ],
        "user_permissions": []
    }
},
{
    "model": "home.librarykind",
    "pk": 1,
    "fields": {
        "title": "\u041d\u0430\u0446\u0438\u043e\u043d\u0430\u043b\u044c\u043d\u044b\u0435 \u0431\u0438\u0431\u043b\u0438\u043e\u0442\u0435\u043a\u0438"
    }
},
{
    "model": "home.librarykind",
    "pk": 2,
    "fields": {
        "title": "\u041d\u0430\u0443\u0447\u043d\u044b\u0435 \u0431\u0438\u0431\u043b\u0438\u043e\u0442\u0435\u043a\u0438"
    }
},
{
    "model": "home.librarykind",
    "pk": 3,
    "fields": {
        "title": "\u041c\u0435\u0434\u0438\u0446\u0438\u043d\u0441\u043a\u0438\u0435 \u0431\u0438\u0431\u043b\u0438\u043e\u0442\u0435\u043a\u0438"
    }
},
{
    "model": "home.librarykind",
    "pk": 4,
    "fields": {
        "title": "\u0411\u0438\u0431\u043b\u0438\u043e\u0442\u0435\u043a\u0438 \u0432\u0443\u0437\u043e\u0432"
    }
},
{
    "model": "home.librarykind",
    "pk": 5,
    "fields": {
        "title": "\u041e\u0431\u0449\u0435\u0434\u043e\u0441\u0442\u0443\u043f\u043d\u044b\u0435 (\u043f\u0443\u0431\u043b\u0438\u0447\u043d\u044b\u0435) \u0431\u0438\u0431\u043b\u0438\u043e\u0442\u0435\u043a\u0438"
    }
},
{
    "model": "home.librarykind",
    "pk": 6,
    "fields": {
        "title": "\u0421\u0435\u043b\u044c\u0441\u043a\u0438\u0435 \u0431\u0438\u0431\u043b\u0438\u043e\u0442\u0435\u043a\u0438"
    }
},
{
    "model": "home.librarykind",
    "pk": 7,
    "fields": {
        "title": "\u0414\u0435\u0442\u0441\u043a\u0438\u0435 \u0438 \u0448\u043a\u043e\u043b\u044c\u043d\u044b\u0435 \u0431\u0438\u0431\u043b\u0438\u043e\u0442\u0435\u043a\u0438"
    }
},
{
    "model": "home.librarykind",
    "pk": 8,
    "fields": {
        "title": "\u041b\u0438\u0447\u043d\u044b\u0435 \u0431\u0438\u0431\u043b\u0438\u043e\u0442\u0435\u043a\u0438"
    }
},
{
    "model": "home.librarykind",
    "pk": 9,
    "fields": {
        "title": "\u042d\u043b\u0435\u043a\u0442\u0440\u043e\u043d\u043d\u044b\u0435 \u0431\u0438\u0431\u043b\u0438\u043e\u0442\u0435\u043a\u0438"
    }
},
{
    "model": "home.librarytype",
    "pk": 1,
    "fields": {
        "title": "\u0413\u043e\u0441\u0443\u0434\u0430\u0440\u0441\u0442\u0432\u0435\u043d\u043d\u0430\u044f",
        "kinds": [
            2,
            3,
            6
        ]
    }
},
{
    "model": "home.librarytype",
    "pk": 2,
    "fields": {
        "title": "\u041c\u0443\u043d\u0438\u0446\u0438\u043f\u0430\u043b\u044c\u043d\u0430\u044f",
        "kinds": [
            1,
            2,
            3,
            4,
            5,
            6,
            7,
            8,
            9
        ]
    }
},
{
    "model": "home.librarytype",
    "pk": 3,
    "fields": {
        "title": "\u0411\u0438\u0431\u043b\u0438\u043e\u0442\u0435\u043a\u0430 \u043c\u0435\u0436\u0434\u0443\u043d\u0430\u0440\u043e\u0434\u043d\u043e\u0439 \u043e\u0440\u0433\u0430\u043d\u0438\u0437\u0430\u0446\u0438\u0438",
        "kinds": [
            2,
            9
        ]
    }
},
{
    "model": "home.region",
    "pk": 1,
    "fields": {
        "title": "\u0421\u0442\u0430\u0432\u0440\u043e\u043f\u043e\u043b\u044c\u0441\u043a\u0438\u0439 \u041a\u0440\u0430\u0439"
    }
},
{
    "model": "home.region",
    "pk": 2,
    "fields": {
        "title": "\u041c\u043e\u0441\u043a\u043e\u0432\u0441\u043a\u0430\u044f \u041e\u0431\u043b\u0430\u0441\u0442\u044c"
    }
},
{
    "model": "home.region",
    "pk": 3,
    "fields": {
        "title": "\u0420\u0435\u0441\u043f\u0443\u0431\u043b\u0438\u043a\u0430 \u041a\u0440\u044b\u043c"
    }
},
{
    "model": "home.region",
    "pk": 1254,
    "fields": {
        "title": "\u0410\u0434\u044b\u0433\u0435\u044f \u0420\u0435\u0441\u043f\u0443\u0431\u043b\u0438\u043a\u0430"
    }
},
{
    "model": "home.region",
    "pk": 1255,
    "fields": {
        "title": "\u0411\u0430\u0448\u043a\u043e\u0440\u0442\u043e\u0441\u0442\u0430\u043d \u0420\u0435\u0441\u043f\u0443\u0431\u043b\u0438\u043a\u0430"
    }
},
{
    "model": "home.region",
    "pk": 1256,
    "fields": {
        "title": "\u0411\u0443\u0440\u044f\u0442\u0438\u044f \u0420\u0435\u0441\u043f\u0443\u0431\u043b\u0438\u043a\u0430"
    }
},
{
    "model": "home.region",
    "pk": 1257,
    "fields": {
        "title": "\u0410\u043b\u0442\u0430\u0439 \u0420\u0435\u0441\u043f\u0443\u0431\u043b\u0438\u043a\u0430"
    }
},
{
    "model": "home.region",
    "pk": 1258,
    "fields": {
        "title": "\u0414\u0430\u0433\u0435\u0441\u0442\u0430\u043d \u0420\u0435\u0441\u043f\u0443\u0431\u043b\u0438\u043a\u0430"
    }
},
{
    "model": "home.region",
    "pk": 1259,
    "fields": {
        "title": "\u0418\u043d\u0433\u0443\u0448\u0435\u0442\u0438\u044f \u0420\u0435\u0441\u043f\u0443\u0431\u043b\u0438\u043a\u0430"
    }
},
{
    "model": "home.region",
    "pk": 1260,
    "fields": {
        "title": "\u041a\u0430\u0431\u0430\u0440\u0434\u0438\u043d\u043e-\u0411\u0430\u043b\u043a\u0430\u0440\u0441\u043a\u0430\u044f \u0420\u0435\u0441\u043f\u0443\u0431\u043b\u0438\u043a\u0430"
    }
},
{
    "model": "home.region",
    "pk": 1261,
    "fields": {
        "title": "\u041a\u0430\u043b\u043c\u044b\u043a\u0438\u044f \u0420\u0435\u0441\u043f\u0443\u0431\u043b\u0438\u043a\u0430"
    }
},
{
    "model": "home.region",
    "pk": 1262,
    "fields": {
        "title": "\u041a\u0430\u0440\u0430\u0447\u0430\u0435\u0432\u043e-\u0427\u0435\u0440\u043a\u0435\u0441\u0441\u043a\u0430\u044f \u0420\u0435\u0441\u043f\u0443\u0431\u043b\u0438\u043a\u0430"
    }
},
{
    "model": "home.region",
    "pk": 1263,
    "fields": {
        "title": "\u041a\u0430\u0440\u0435\u043b\u0438\u044f \u0420\u0435\u0441\u043f\u0443\u0431\u043b\u0438\u043a\u0430"
    }
},
{
    "model": "home.region",
    "pk": 1264,
    "fields": {
        "title": "\u041a\u043e\u043c\u0438 \u0420\u0435\u0441\u043f\u0443\u0431\u043b\u0438\u043a\u0430"
    }
},
{
    "model": "home.region",
    "pk": 1265,
    "fields": {
        "title": "\u041c\u0430\u0440\u0438\u0439 \u042d\u043b \u0420\u0435\u0441\u043f\u0443\u0431\u043b\u0438\u043a\u0430"
    }
},
{
    "model": "home.region",
    "pk": 1266,
    "fields": {
        "title": "\u041c\u043e\u0440\u0434\u043e\u0432\u0438\u044f \u0420\u0435\u0441\u043f\u0443\u0431\u043b\u0438\u043a\u0430"
    }
},
{
    "model": "home.region",
    "pk": 1267,
    "fields": {
        "title": "\u0421\u0430\u0445\u0430 /\u042f\u043a\u0443\u0442\u0438\u044f/ \u0420\u0435\u0441\u043f\u0443\u0431\u043b\u0438\u043a\u0430"
    }
},
{
    "model": "home.region",
    "pk": 1268,
    "fields": {
        "title": "\u0421\u0435\u0432\u0435\u0440\u043d\u0430\u044f \u041e\u0441\u0435\u0442\u0438\u044f - \u0410\u043b\u0430\u043d\u0438\u044f \u0420\u0435\u0441\u043f\u0443\u0431\u043b\u0438\u043a\u0430"
    }
},
{
    "model": "home.region",
    "pk": 1269,
    "fields": {
        "title": "\u0422\u0430\u0442\u0430\u0440\u0441\u0442\u0430\u043d \u0420\u0435\u0441\u043f\u0443\u0431\u043b\u0438\u043a\u0430"
    }
},
{
    "model": "home.region",
    "pk": 1270,
    "fields": {
        "title": "\u0422\u044b\u0432\u0430 \u0420\u0435\u0441\u043f\u0443\u0431\u043b\u0438\u043a\u0430"
    }
},
{
    "model": "home.region",
    "pk": 1271,
    "fields": {
        "title": "\u0423\u0434\u043c\u0443\u0440\u0442\u0441\u043a\u0430\u044f \u0420\u0435\u0441\u043f\u0443\u0431\u043b\u0438\u043a\u0430"
    }
},
{
    "model": "home.region",
    "pk": 1272,
    "fields": {
        "title": "\u0425\u0430\u043a\u0430\u0441\u0438\u044f \u0420\u0435\u0441\u043f\u0443\u0431\u043b\u0438\u043a\u0430"
    }
},
{
    "model": "home.region",
    "pk": 1273,
    "fields": {
        "title": "\u0427\u0435\u0447\u0435\u043d\u0441\u043a\u0430\u044f \u0420\u0435\u0441\u043f\u0443\u0431\u043b\u0438\u043a\u0430"
    }
},
{
    "model": "home.region",
    "pk": 1274,
    "fields": {
        "title": "\u0427\u0443\u0432\u0430\u0448\u0441\u043a\u0430\u044f \u0420\u0435\u0441\u043f\u0443\u0431\u043b\u0438\u043a\u0430 - \u0427\u0443\u0432\u0430\u0448\u0438\u044f"
    }
},
{
    "model": "home.region",
    "pk": 1275,
    "fields": {
        "title": "\u0410\u043b\u0442\u0430\u0439\u0441\u043a\u0438\u0439 \u041a\u0440\u0430\u0439"
    }
},
{
    "model": "home.region",
    "pk": 1276,
    "fields": {
        "title": "\u041a\u0440\u0430\u0441\u043d\u043e\u0434\u0430\u0440\u0441\u043a\u0438\u0439 \u041a\u0440\u0430\u0439"
    }
},
{
    "model": "home.region",
    "pk": 1277,
    "fields": {
        "title": "\u041a\u0440\u0430\u0441\u043d\u043e\u044f\u0440\u0441\u043a\u0438\u0439 \u041a\u0440\u0430\u0439"
    }
},
{
    "model": "home.region",
    "pk": 1278,
    "fields": {
        "title": "\u041f\u0440\u0438\u043c\u043e\u0440\u0441\u043a\u0438\u0439 \u041a\u0440\u0430\u0439"
    }
},
{
    "model": "home.region",
    "pk": 1279,
    "fields": {
        "title": "\u0425\u0430\u0431\u0430\u0440\u043e\u0432\u0441\u043a\u0438\u0439 \u041a\u0440\u0430\u0439"
    }
},
{
    "model": "home.region",
    "pk": 1280,
    "fields": {
        "title": "\u0410\u043c\u0443\u0440\u0441\u043a\u0430\u044f \u041e\u0431\u043b\u0430\u0441\u0442\u044c"
    }
},
{
    "model": "home.region",
    "pk": 1281,
    "fields": {
        "title": "\u0410\u0440\u0445\u0430\u043d\u0433\u0435\u043b\u044c\u0441\u043a\u0430\u044f \u041e\u0431\u043b\u0430\u0441\u0442\u044c"
    }
},
{
    "model": "home.region",
    "pk": 1282,
    "fields": {
        "title": "\u0410\u0441\u0442\u0440\u0430\u0445\u0430\u043d\u0441\u043a\u0430\u044f \u041e\u0431\u043b\u0430\u0441\u0442\u044c"
    }
},
{
    "model": "home.region",
    "pk": 1283,
    "fields": {
        "title": "\u0411\u0435\u043b\u0433\u043e\u0440\u043e\u0434\u0441\u043a\u0430\u044f \u041e\u0431\u043b\u0430\u0441\u0442\u044c"
    }
},
{
    "model": "home.region",
    "pk": 1284,
    "fields": {
        "title": "\u0411\u0440\u044f\u043d\u0441\u043a\u0430\u044f \u041e\u0431\u043b\u0430\u0441\u0442\u044c"
    }
},
{
    "model": "home.region",
    "pk": 1285,
    "fields": {
        "title": "\u0412\u043b\u0430\u0434\u0438\u043c\u0438\u0440\u0441\u043a\u0430\u044f \u041e\u0431\u043b\u0430\u0441\u0442\u044c"
    }
},
{
    "model": "home.region",
    "pk": 1286,
    "fields": {
        "title": "\u0412\u043e\u043b\u0433\u043e\u0433\u0440\u0430\u0434\u0441\u043a\u0430\u044f \u041e\u0431\u043b\u0430\u0441\u0442\u044c"
    }
},
{
    "model": "home.region",
    "pk": 1287,
    "fields": {
        "title": "\u0412\u043e\u043b\u043e\u0433\u043e\u0434\u0441\u043a\u0430\u044f \u041e\u0431\u043b\u0430\u0441\u0442\u044c"
    }
},
{
    "model": "home.region",
    "pk": 1288,
    "fields": {
        "title": "\u0412\u043e\u0440\u043e\u043d\u0435\u0436\u0441\u043a\u0430\u044f \u041e\u0431\u043b\u0430\u0441\u0442\u044c"
    }
},
{
    "model": "home.region",
    "pk": 1289,
    "fields": {
        "title": "\u0418\u0432\u0430\u043d\u043e\u0432\u0441\u043a\u0430\u044f \u041e\u0431\u043b\u0430\u0441\u0442\u044c"
    }
},
{
    "model": "home.region",
    "pk": 1290,
    "fields": {
        "title": "\u0418\u0440\u043a\u0443\u0442\u0441\u043a\u0430\u044f \u041e\u0431\u043b\u0430\u0441\u0442\u044c"
    }
},
{
    "model": "home.region",
    "pk": 1291,
    "fields": {
        "title": "\u041a\u0430\u043b\u0438\u043d\u0438\u043d\u0433\u0440\u0430\u0434\u0441\u043a\u0430\u044f \u041e\u0431\u043b\u0430\u0441\u0442\u044c"
    }
},
{
    "model": "home.region",
    "pk": 1292,
    "fields": {
        "title": "\u041a\u0430\u043b\u0443\u0436\u0441\u043a\u0430\u044f \u041e\u0431\u043b\u0430\u0441\u0442\u044c"
    }
},
{
    "model": "home.region",
    "pk": 1293,
    "fields": {
        "title": "\u041a\u0430\u043c\u0447\u0430\u0442\u0441\u043a\u0438\u0439 \u041a\u0440\u0430\u0439"
    }
},
{
    "model": "home.region",
    "pk": 1294,
    "fields": {
        "title": "\u041a\u0435\u043c\u0435\u0440\u043e\u0432\u0441\u043a\u0430\u044f \u041e\u0431\u043b\u0430\u0441\u0442\u044c"
    }
},
{
    "model": "home.region",
    "pk": 1295,
    "fields": {
        "title": "\u041a\u0438\u0440\u043e\u0432\u0441\u043a\u0430\u044f \u041e\u0431\u043b\u0430\u0441\u0442\u044c"
    }
},
{
    "model": "home.region",
    "pk": 1296,
    "fields": {
        "title": "\u041a\u043e\u0441\u0442\u0440\u043e\u043c\u0441\u043a\u0430\u044f \u041e\u0431\u043b\u0430\u0441\u0442\u044c"
    }
},
{
    "model": "home.region",
    "pk": 1297,
    "fields": {
        "title": "\u041a\u0443\u0440\u0433\u0430\u043d\u0441\u043a\u0430\u044f \u041e\u0431\u043b\u0430\u0441\u0442\u044c"
    }
},
{
    "model": "home.region",
    "pk": 1298,
    "fields": {
        "title": "\u041a\u0443\u0440\u0441\u043a\u0430\u044f \u041e\u0431\u043b\u0430\u0441\u0442\u044c"
    }
},
{
    "model": "home.region",
    "pk": 1299,
    "fields": {
        "title": "\u041b\u0435\u043d\u0438\u043d\u0433\u0440\u0430\u0434\u0441\u043a\u0430\u044f \u041e\u0431\u043b\u0430\u0441\u0442\u044c"
    }
},
{
    "model": "home.region",
    "pk": 1300,
    "fields": {
        "title": "\u041b\u0438\u043f\u0435\u0446\u043a\u0430\u044f \u041e\u0431\u043b\u0430\u0441\u0442\u044c"
    }
},
{
    "model": "home.region",
    "pk": 1301,
    "fields": {
        "title": "\u041c\u0430\u0433\u0430\u0434\u0430\u043d\u0441\u043a\u0430\u044f \u041e\u0431\u043b\u0430\u0441\u0442\u044c"
    }
},
{
    "model": "home.region",
    "pk": 1302,
    "fields": {
        "title": "\u041c\u0443\u0440\u043c\u0430\u043d\u0441\u043a\u0430\u044f \u041e\u0431\u043b\u0430\u0441\u0442\u044c"
    }
},
{
    "model": "home.region",
    "pk": 1303,
    "fields": {
        "title": "\u041d\u0438\u0436\u0435\u0433\u043e\u0440\u043e\u0434\u0441\u043a\u0430\u044f \u041e\u0431\u043b\u0430\u0441\u0442\u044c"
    }
},
{
    "model": "home.region",
    "pk": 1304,
    "fields": {
        "title": "\u041d\u043e\u0432\u0433\u043e\u0440\u043e\u0434\u0441\u043a\u0430\u044f \u041e\u0431\u043b\u0430\u0441\u0442\u044c"
    }
},
{
    "model": "home.region",
    "pk": 1305,
    "fields": {
        "title": "\u041d\u043e\u0432\u043e\u0441\u0438\u0431\u0438\u0440\u0441\u043a\u0430\u044f \u041e\u0431\u043b\u0430\u0441\u0442\u044c"
    }
},
{
    "model": "home.region",
    "pk": 1306,
    "fields": {
        "title": "\u041e\u043c\u0441\u043a\u0430\u044f \u041e\u0431\u043b\u0430\u0441\u0442\u044c"
    }
},
{
    "model": "home.region",
    "pk": 1307,
    "fields": {
        "title": "\u041e\u0440\u0435\u043d\u0431\u0443\u0440\u0433\u0441\u043a\u0430\u044f \u041e\u0431\u043b\u0430\u0441\u0442\u044c"
    }
},
{
    "model": "home.region",
    "pk": 1308,
    "fields": {
        "title": "\u041e\u0440\u043b\u043e\u0432\u0441\u043a\u0430\u044f \u041e\u0431\u043b\u0430\u0441\u0442\u044c"
    }
},
{
    "model": "home.region",
    "pk": 1309,
    "fields": {
        "title": "\u041f\u0435\u043d\u0437\u0435\u043d\u0441\u043a\u0430\u044f \u041e\u0431\u043b\u0430\u0441\u0442\u044c"
    }
},
{
    "model": "home.region",
    "pk": 1310,
    "fields": {
        "title": "\u041f\u0435\u0440\u043c\u0441\u043a\u0438\u0439 \u041a\u0440\u0430\u0439"
    }
},
{
    "model": "home.region",
    "pk": 1311,
    "fields": {
        "title": "\u041f\u0441\u043a\u043e\u0432\u0441\u043a\u0430\u044f \u041e\u0431\u043b\u0430\u0441\u0442\u044c"
    }
},
{
    "model": "home.region",
    "pk": 1312,
    "fields": {
        "title": "\u0420\u043e\u0441\u0442\u043e\u0432\u0441\u043a\u0430\u044f \u041e\u0431\u043b\u0430\u0441\u0442\u044c"
    }
},
{
    "model": "home.region",
    "pk": 1313,
    "fields": {
        "title": "\u0420\u044f\u0437\u0430\u043d\u0441\u043a\u0430\u044f \u041e\u0431\u043b\u0430\u0441\u0442\u044c"
    }
},
{
    "model": "home.region",
    "pk": 1314,
    "fields": {
        "title": "\u0421\u0430\u043c\u0430\u0440\u0441\u043a\u0430\u044f \u041e\u0431\u043b\u0430\u0441\u0442\u044c"
    }
},
{
    "model": "home.region",
    "pk": 1315,
    "fields": {
        "title": "\u0421\u0430\u0440\u0430\u0442\u043e\u0432\u0441\u043a\u0430\u044f \u041e\u0431\u043b\u0430\u0441\u0442\u044c"
    }
},
{
    "model": "home.region",
    "pk": 1316,
    "fields": {
        "title": "\u0421\u0430\u0445\u0430\u043b\u0438\u043d\u0441\u043a\u0430\u044f \u041e\u0431\u043b\u0430\u0441\u0442\u044c"
    }
},
{
    "model": "home.region",
    "pk": 1317,
    "fields": {
        "title": "\u0421\u0432\u0435\u0440\u0434\u043b\u043e\u0432\u0441\u043a\u0430\u044f \u041e\u0431\u043b\u0430\u0441\u0442\u044c"
    }
},
{
    "model": "home.region",
    "pk": 1318,
    "fields": {
        "title": "\u0421\u043c\u043e\u043b\u0435\u043d\u0441\u043a\u0430\u044f \u041e\u0431\u043b\u0430\u0441\u0442\u044c"
    }
},
{
    "model": "home.region",
    "pk": 1319,
    "fields": {
        "title": "\u0422\u0430\u043c\u0431\u043e\u0432\u0441\u043a\u0430\u044f \u041e\u0431\u043b\u0430\u0441\u0442\u044c"
    }
},
{
    "model": "home.region",
    "pk": 1320,
    "fields": {
        "title": "\u0422\u0432\u0435\u0440\u0441\u043a\u0430\u044f \u041e\u0431\u043b\u0430\u0441\u0442\u044c"
    }
},
{
    "model": "home.region",
    "pk": 1321,
    "fields": {
        "title": "\u0422\u043e\u043c\u0441\u043a\u0430\u044f \u041e\u0431\u043b\u0430\u0441\u0442\u044c"
    }
},
{
    "model": "home.region",
    "pk": 1322,
    "fields": {
        "title": "\u0422\u0443\u043b\u044c\u0441\u043a\u0430\u044f \u041e\u0431\u043b\u0430\u0441\u0442\u044c"
    }
},
{
    "model": "home.region",
    "pk": 1323,
    "fields": {
        "title": "\u0422\u044e\u043c\u0435\u043d\u0441\u043a\u0430\u044f \u041e\u0431\u043b\u0430\u0441\u0442\u044c"
    }
},
{
    "model": "home.region",
    "pk": 1324,
    "fields": {
        "title": "\u0423\u043b\u044c\u044f\u043d\u043e\u0432\u0441\u043a\u0430\u044f \u041e\u0431\u043b\u0430\u0441\u0442\u044c"
    }
},
{
    "model": "home.region",
    "pk": 1325,
    "fields": {
        "title": "\u0427\u0435\u043b\u044f\u0431\u0438\u043d\u0441\u043a\u0430\u044f \u041e\u0431\u043b\u0430\u0441\u0442\u044c"
    }
},
{
    "model": "home.region",
    "pk": 1326,
    "fields": {
        "title": "\u0417\u0430\u0431\u0430\u0439\u043a\u0430\u043b\u044c\u0441\u043a\u0438\u0439 \u041a\u0440\u0430\u0439"
    }
},
{
    "model": "home.region",
    "pk": 1327,
    "fields": {
        "title": "\u042f\u0440\u043e\u0441\u043b\u0430\u0432\u0441\u043a\u0430\u044f \u041e\u0431\u043b\u0430\u0441\u0442\u044c"
    }
},
{
    "model": "home.region",
    "pk": 1328,
    "fields": {
        "title": "\u041c\u043e\u0441\u043a\u0432\u0430 \u0413\u043e\u0440\u043e\u0434"
    }
},
{
    "model": "home.region",
    "pk": 1329,
    "fields": {
        "title": "\u0421\u0430\u043d\u043a\u0442-\u041f\u0435\u0442\u0435\u0440\u0431\u0443\u0440\u0433 \u0413\u043e\u0440\u043e\u0434"
    }
},
{
    "model": "home.region",
    "pk": 1330,
    "fields": {
        "title": "\u0415\u0432\u0440\u0435\u0439\u0441\u043a\u0430\u044f \u0410\u0432\u0442\u043e\u043d\u043e\u043c\u043d\u0430\u044f \u043e\u0431\u043b\u0430\u0441\u0442\u044c"
    }
},
{
    "model": "home.region",
    "pk": 1331,
    "fields": {
        "title": "\u041d\u0435\u043d\u0435\u0446\u043a\u0438\u0439 \u0410\u0432\u0442\u043e\u043d\u043e\u043c\u043d\u044b\u0439 \u043e\u043a\u0440\u0443\u0433"
    }
},
{
    "model": "home.region",
    "pk": 1332,
    "fields": {
        "title": "\u0425\u0430\u043d\u0442\u044b-\u041c\u0430\u043d\u0441\u0438\u0439\u0441\u043a\u0438\u0439 \u0410\u0432\u0442\u043e\u043d\u043e\u043c\u043d\u044b\u0439 \u043e\u043a\u0440\u0443\u0433 - \u042e\u0433\u0440\u0430 \u0410\u0432\u0442\u043e\u043d\u043e\u043c\u043d\u044b\u0439 \u043e\u043a\u0440\u0443\u0433"
    }
},
{
    "model": "home.region",
    "pk": 1333,
    "fields": {
        "title": "\u0427\u0443\u043a\u043e\u0442\u0441\u043a\u0438\u0439 \u0410\u0432\u0442\u043e\u043d\u043e\u043c\u043d\u044b\u0439 \u043e\u043a\u0440\u0443\u0433"
    }
},
{
    "model": "home.region",
    "pk": 1334,
    "fields": {
        "title": "\u042f\u043c\u0430\u043b\u043e-\u041d\u0435\u043d\u0435\u0446\u043a\u0438\u0439 \u0410\u0432\u0442\u043e\u043d\u043e\u043c\u043d\u044b\u0439 \u043e\u043a\u0440\u0443\u0433"
    }
},
{
    "model": "home.region",
    "pk": 1335,
    "fields": {
        "title": "\u041a\u0440\u044b\u043c \u0420\u0435\u0441\u043f\u0443\u0431\u043b\u0438\u043a\u0430"
    }
},
{
    "model": "home.region",
    "pk": 1336,
    "fields": {
        "title": "\u0421\u0435\u0432\u0430\u0441\u0442\u043e\u043f\u043e\u043b\u044c \u0413\u043e\u0440\u043e\u0434"
    }
},
{
    "model": "home.city",
    "pk": 1,
    "fields": {
        "title": "\u0421\u0442\u0430\u0432\u0440\u043e\u043f\u043e\u043b\u044c",
        "region": 1
    }
},
{
    "model": "home.city",
    "pk": 2,
    "fields": {
        "title": "\u0412\u043b\u0430\u0434\u0438\u043a\u0430\u0432\u043a\u0430\u0437",
        "region": 1
    }
},
{
    "model": "home.city",
    "pk": 3,
    "fields": {
        "title": "\u041c\u043e\u0441\u043a\u0432\u0430",
        "region": 1328
    }
},
{
    "model": "home.city",
    "pk": 4,
    "fields": {
        "title": "\u0425\u0438\u043c\u043a\u0438",
        "region": 2
    }
},
{
    "model": "home.city",
    "pk": 5,
    "fields": {
        "title": "\u0421\u0438\u043c\u0444\u0435\u0440\u043e\u043f\u043e\u043b\u044c",
        "region": 3
    }
},
{
    "model": "home.city",
    "pk": 6,
    "fields": {
        "title": "\u0410\u0434\u044b\u0433\u0435\u0439\u0441\u043a",
        "region": 1254
    }
},
{
    "model": "home.city",
    "pk": 7,
    "fields": {
        "title": "\u041c\u0430\u0439\u043a\u043e\u043f",
        "region": 1254
    }
},
{
    "model": "home.city",
    "pk": 8,
    "fields": {
        "title": "\u0410\u0433\u0438\u0434\u0435\u043b\u044c",
        "region": 1255
    }
},
{
    "model": "home.city",
    "pk": 9,
    "fields": {
        "title": "\u0411\u0430\u0439\u043c\u0430\u043a",
        "region": 1255
    }
},
{
    "model": "home.city",
    "pk": 10,
    "fields": {
        "title": "\u0411\u0435\u043b\u0435\u0431\u0435\u0439",
        "region": 1255
    }
},
{
    "model": "home.city",
    "pk": 11,
    "fields": {
        "title": "\u0411\u0435\u043b\u043e\u0440\u0435\u0446\u043a",
        "region": 1255
    }
},
{
    "model": "home.city",
    "pk": 12,
    "fields": {
        "title": "\u0411\u0438\u0440\u0441\u043a",
        "region": 1255
    }
},
{
    "model": "home.city",
    "pk": 13,
    "fields": {
        "title": "\u0411\u043b\u0430\u0433\u043e\u0432\u0435\u0449\u0435\u043d\u0441\u043a",
        "region": 1255
    }
},
{
    "model": "home.city",
    "pk": 14,
    "fields": {
        "title": "\u0414\u0430\u0432\u043b\u0435\u043a\u0430\u043d\u043e\u0432\u043e",
        "region": 1255
    }
},
{
    "model": "home.city",
    "pk": 15,
    "fields": {
        "title": "\u0414\u044e\u0440\u0442\u044e\u043b\u0438",
        "region": 1255
    }
},
{
    "model": "home.city",
    "pk": 16,
    "fields": {
        "title": "\u0418\u0448\u0438\u043c\u0431\u0430\u0439",
        "region": 1255
    }
},
{
    "model": "home.city",
    "pk": 17,
    "fields": {
        "title": "\u041a\u0443\u043c\u0435\u0440\u0442\u0430\u0443",
        "region": 1255
    }
},
{
    "model": "home.city",
    "pk": 18,
    "fields": {
        "title": "\u041c\u0435\u0436\u0433\u043e\u0440\u044c\u0435",
        "region": 1255
    }
},
{
    "model": "home.city",
    "pk": 19,
    "fields": {
        "title": "\u041c\u0435\u043b\u0435\u0443\u0437",
        "region": 1255
    }
},
{
    "model": "home.city",
    "pk": 20,
    "fields": {
        "title": "\u041d\u0435\u0444\u0442\u0435\u043a\u0430\u043c\u0441\u043a",
        "region": 1255
    }
},
{
    "model": "home.city",
    "pk": 21,
    "fields": {
        "title": "\u041e\u043a\u0442\u044f\u0431\u0440\u044c\u0441\u043a\u0438\u0439",
        "region": 1255
    }
},
{
    "model": "home.city",
    "pk": 22,
    "fields": {
        "title": "\u0421\u0430\u043b\u0430\u0432\u0430\u0442",
        "region": 1255
    }
},
{
    "model": "home.city",
    "pk": 23,
    "fields": {
        "title": "\u0421\u0438\u0431\u0430\u0439",
        "region": 1255
    }
},
{
    "model": "home.city",
    "pk": 24,
    "fields": {
        "title": "\u0421\u0442\u0435\u0440\u043b\u0438\u0442\u0430\u043c\u0430\u043a",
        "region": 1255
    }
},
{
    "model": "home.city",
    "pk": 25,
    "fields": {
        "title": "\u0422\u0443\u0439\u043c\u0430\u0437\u044b",
        "region": 1255
    }
},
{
    "model": "home.city",
    "pk": 26,
    "fields": {
        "title": "\u0423\u0444\u0430",
        "region": 1255
    }
},
{
    "model": "home.city",
    "pk": 27,
    "fields": {
        "title": "\u0423\u0447\u0430\u043b\u044b",
        "region": 1255
    }
},
{
    "model": "home.city",
    "pk": 28,
    "fields": {
        "title": "\u042f\u043d\u0430\u0443\u043b",
        "region": 1255
    }
},
{
    "model": "home.city",
    "pk": 29,
    "fields": {
        "title": "\u0411\u0430\u0431\u0443\u0448\u043a\u0438\u043d",
        "region": 1256
    }
},
{
    "model": "home.city",
    "pk": 30,
    "fields": {
        "title": "\u0413\u0443\u0441\u0438\u043d\u043e\u043e\u0437\u0435\u0440\u0441\u043a",
        "region": 1256
    }
},
{
    "model": "home.city",
    "pk": 31,
    "fields": {
        "title": "\u0417\u0430\u043a\u0430\u043c\u0435\u043d\u0441\u043a",
        "region": 1256
    }
},
{
    "model": "home.city",
    "pk": 32,
    "fields": {
        "title": "\u041a\u044f\u0445\u0442\u0430",
        "region": 1256
    }
},
{
    "model": "home.city",
    "pk": 33,
    "fields": {
        "title": "\u0421\u0435\u0432\u0435\u0440\u043e\u0431\u0430\u0439\u043a\u0430\u043b\u044c\u0441\u043a",
        "region": 1256
    }
},
{
    "model": "home.city",
    "pk": 34,
    "fields": {
        "title": "\u0423\u043b\u0430\u043d-\u0423\u0434\u044d",
        "region": 1256
    }
},
{
    "model": "home.city",
    "pk": 35,
    "fields": {
        "title": "\u0413\u043e\u0440\u043d\u043e-\u0410\u043b\u0442\u0430\u0439\u0441\u043a",
        "region": 1257
    }
},
{
    "model": "home.city",
    "pk": 36,
    "fields": {
        "title": "\u0411\u0443\u0439\u043d\u0430\u043a\u0441\u043a",
        "region": 1258
    }
},
{
    "model": "home.city",
    "pk": 37,
    "fields": {
        "title": "\u0414\u0430\u0433\u0435\u0441\u0442\u0430\u043d\u0441\u043a\u0438\u0435 \u041e\u0433\u043d\u0438",
        "region": 1258
    }
},
{
    "model": "home.city",
    "pk": 38,
    "fields": {
        "title": "\u0414\u0435\u0440\u0431\u0435\u043d\u0442",
        "region": 1258
    }
},
{
    "model": "home.city",
    "pk": 39,
    "fields": {
        "title": "\u0418\u0437\u0431\u0435\u0440\u0431\u0430\u0448",
        "region": 1258
    }
},
{
    "model": "home.city",
    "pk": 40,
    "fields": {
        "title": "\u041a\u0430\u0441\u043f\u0438\u0439\u0441\u043a",
        "region": 1258
    }
},
{
    "model": "home.city",
    "pk": 41,
    "fields": {
        "title": "\u041a\u0438\u0437\u0438\u043b\u044e\u0440\u0442",
        "region": 1258
    }
},
{
    "model": "home.city",
    "pk": 42,
    "fields": {
        "title": "\u041a\u0438\u0437\u043b\u044f\u0440",
        "region": 1258
    }
},
{
    "model": "home.city",
    "pk": 43,
    "fields": {
        "title": "\u041c\u0430\u0445\u0430\u0447\u043a\u0430\u043b\u0430",
        "region": 1258
    }
},
{
    "model": "home.city",
    "pk": 44,
    "fields": {
        "title": "\u0425\u0430\u0441\u0430\u0432\u044e\u0440\u0442",
        "region": 1258
    }
},
{
    "model": "home.city",
    "pk": 45,
    "fields": {
        "title": "\u042e\u0436\u043d\u043e-\u0421\u0443\u0445\u043e\u043a\u0443\u043c\u0441\u043a",
        "region": 1258
    }
},
{
    "model": "home.city",
    "pk": 46,
    "fields": {
        "title": "\u041a\u0430\u0440\u0430\u0431\u0443\u043b\u0430\u043a",
        "region": 1259
    }
},
{
    "model": "home.city",
    "pk": 47,
    "fields": {
        "title": "\u041c\u0430\u0433\u0430\u0441",
        "region": 1259
    }
},
{
    "model": "home.city",
    "pk": 48,
    "fields": {
        "title": "\u041c\u0430\u043b\u0433\u043e\u0431\u0435\u043a",
        "region": 1259
    }
},
{
    "model": "home.city",
    "pk": 49,
    "fields": {
        "title": "\u041d\u0430\u0437\u0440\u0430\u043d\u044c",
        "region": 1259
    }
},
{
    "model": "home.city",
    "pk": 50,
    "fields": {
        "title": "\u0411\u0430\u043a\u0441\u0430\u043d",
        "region": 1260
    }
},
{
    "model": "home.city",
    "pk": 51,
    "fields": {
        "title": "\u041c\u0430\u0439\u0441\u043a\u0438\u0439",
        "region": 1260
    }
},
{
    "model": "home.city",
    "pk": 52,
    "fields": {
        "title": "\u041d\u0430\u043b\u044c\u0447\u0438\u043a",
        "region": 1260
    }
},
{
    "model": "home.city",
    "pk": 53,
    "fields": {
        "title": "\u041d\u0430\u0440\u0442\u043a\u0430\u043b\u0430",
        "region": 1260
    }
},
{
    "model": "home.city",
    "pk": 54,
    "fields": {
        "title": "\u041f\u0440\u043e\u0445\u043b\u0430\u0434\u043d\u044b\u0439",
        "region": 1260
    }
},
{
    "model": "home.city",
    "pk": 55,
    "fields": {
        "title": "\u0422\u0435\u0440\u0435\u043a",
        "region": 1260
    }
},
{
    "model": "home.city",
    "pk": 56,
    "fields": {
        "title": "\u0422\u044b\u0440\u043d\u044b\u0430\u0443\u0437",
        "region": 1260
    }
},
{
    "model": "home.city",
    "pk": 57,
    "fields": {
        "title": "\u0427\u0435\u0433\u0435\u043c",
        "region": 1260
    }
},
{
    "model": "home.city",
    "pk": 58,
    "fields": {
        "title": "\u0413\u043e\u0440\u043e\u0434\u043e\u0432\u0438\u043a\u043e\u0432\u0441\u043a",
        "region": 1261
    }
},
{
    "model": "home.city",
    "pk": 59,
    "fields": {
        "title": "\u041b\u0430\u0433\u0430\u043d\u044c",
        "region": 1261
    }
},
{
    "model": "home.city",
    "pk": 60,
    "fields": {
        "title": "\u042d\u043b\u0438\u0441\u0442\u0430",
        "region": 1261
    }
},
{
    "model": "home.city",
    "pk": 61,
    "fields": {
        "title": "\u041a\u0430\u0440\u0430\u0447\u0430\u0435\u0432\u0441\u043a",
        "region": 1262
    }
},
{
    "model": "home.city",
    "pk": 62,
    "fields": {
        "title": "\u0422\u0435\u0431\u0435\u0440\u0434\u0430",
        "region": 1262
    }
},
{
    "model": "home.city",
    "pk": 63,
    "fields": {
        "title": "\u0423\u0441\u0442\u044c-\u0414\u0436\u0435\u0433\u0443\u0442\u0430",
        "region": 1262
    }
},
{
    "model": "home.city",
    "pk": 64,
    "fields": {
        "title": "\u0427\u0435\u0440\u043a\u0435\u0441\u0441\u043a",
        "region": 1262
    }
},
{
    "model": "home.city",
    "pk": 65,
    "fields": {
        "title": "\u0411\u0435\u043b\u043e\u043c\u043e\u0440\u0441\u043a",
        "region": 1263
    }
},
{
    "model": "home.city",
    "pk": 66,
    "fields": {
        "title": "\u041a\u0435\u043c\u044c",
        "region": 1263
    }
},
{
    "model": "home.city",
    "pk": 67,
    "fields": {
        "title": "\u041a\u043e\u043d\u0434\u043e\u043f\u043e\u0433\u0430",
        "region": 1263
    }
},
{
    "model": "home.city",
    "pk": 68,
    "fields": {
        "title": "\u041a\u043e\u0441\u0442\u043e\u043c\u0443\u043a\u0448\u0430",
        "region": 1263
    }
},
{
    "model": "home.city",
    "pk": 69,
    "fields": {
        "title": "\u041b\u0430\u0445\u0434\u0435\u043d\u043f\u043e\u0445\u044c\u044f",
        "region": 1263
    }
},
{
    "model": "home.city",
    "pk": 70,
    "fields": {
        "title": "\u041c\u0435\u0434\u0432\u0435\u0436\u044c\u0435\u0433\u043e\u0440\u0441\u043a",
        "region": 1263
    }
},
{
    "model": "home.city",
    "pk": 71,
    "fields": {
        "title": "\u041e\u043b\u043e\u043d\u0435\u0446",
        "region": 1263
    }
},
{
    "model": "home.city",
    "pk": 72,
    "fields": {
        "title": "\u041f\u0435\u0442\u0440\u043e\u0437\u0430\u0432\u043e\u0434\u0441\u043a",
        "region": 1263
    }
},
{
    "model": "home.city",
    "pk": 73,
    "fields": {
        "title": "\u041f\u0438\u0442\u043a\u044f\u0440\u0430\u043d\u0442\u0430",
        "region": 1263
    }
},
{
    "model": "home.city",
    "pk": 74,
    "fields": {
        "title": "\u041f\u0443\u0434\u043e\u0436",
        "region": 1263
    }
},
{
    "model": "home.city",
    "pk": 75,
    "fields": {
        "title": "\u0421\u0435\u0433\u0435\u0436\u0430",
        "region": 1263
    }
},
{
    "model": "home.city",
    "pk": 76,
    "fields": {
        "title": "\u0421\u043e\u0440\u0442\u0430\u0432\u0430\u043b\u0430",
        "region": 1263
    }
},
{
    "model": "home.city",
    "pk": 77,
    "fields": {
        "title": "\u0421\u0443\u043e\u044f\u0440\u0432\u0438",
        "region": 1263
    }
},
{
    "model": "home.city",
    "pk": 78,
    "fields": {
        "title": "\u0412\u043e\u0440\u043a\u0443\u0442\u0430",
        "region": 1264
    }
},
{
    "model": "home.city",
    "pk": 79,
    "fields": {
        "title": "\u0412\u0443\u043a\u0442\u044b\u043b",
        "region": 1264
    }
},
{
    "model": "home.city",
    "pk": 80,
    "fields": {
        "title": "\u0415\u043c\u0432\u0430",
        "region": 1264
    }
},
{
    "model": "home.city",
    "pk": 81,
    "fields": {
        "title": "\u0418\u043d\u0442\u0430",
        "region": 1264
    }
},
{
    "model": "home.city",
    "pk": 82,
    "fields": {
        "title": "\u041c\u0438\u043a\u0443\u043d\u044c",
        "region": 1264
    }
},
{
    "model": "home.city",
    "pk": 83,
    "fields": {
        "title": "\u041f\u0435\u0447\u043e\u0440\u0430",
        "region": 1264
    }
},
{
    "model": "home.city",
    "pk": 84,
    "fields": {
        "title": "\u0421\u043e\u0441\u043d\u043e\u0433\u043e\u0440\u0441\u043a",
        "region": 1264
    }
},
{
    "model": "home.city",
    "pk": 85,
    "fields": {
        "title": "\u0421\u044b\u043a\u0442\u044b\u0432\u043a\u0430\u0440",
        "region": 1264
    }
},
{
    "model": "home.city",
    "pk": 86,
    "fields": {
        "title": "\u0423\u0441\u0438\u043d\u0441\u043a",
        "region": 1264
    }
},
{
    "model": "home.city",
    "pk": 87,
    "fields": {
        "title": "\u0423\u0445\u0442\u0430",
        "region": 1264
    }
},
{
    "model": "home.city",
    "pk": 88,
    "fields": {
        "title": "\u0412\u043e\u043b\u0436\u0441\u043a",
        "region": 1265
    }
},
{
    "model": "home.city",
    "pk": 89,
    "fields": {
        "title": "\u0417\u0432\u0435\u043d\u0438\u0433\u043e\u0432\u043e",
        "region": 1265
    }
},
{
    "model": "home.city",
    "pk": 90,
    "fields": {
        "title": "\u0419\u043e\u0448\u043a\u0430\u0440-\u041e\u043b\u0430",
        "region": 1265
    }
},
{
    "model": "home.city",
    "pk": 91,
    "fields": {
        "title": "\u041a\u043e\u0437\u044c\u043c\u043e\u0434\u0435\u043c\u044c\u044f\u043d\u0441\u043a",
        "region": 1265
    }
},
{
    "model": "home.city",
    "pk": 92,
    "fields": {
        "title": "\u0410\u0440\u0434\u0430\u0442\u043e\u0432",
        "region": 1266
    }
},
{
    "model": "home.city",
    "pk": 93,
    "fields": {
        "title": "\u0418\u043d\u0441\u0430\u0440",
        "region": 1266
    }
},
{
    "model": "home.city",
    "pk": 94,
    "fields": {
        "title": "\u041a\u043e\u0432\u044b\u043b\u043a\u0438\u043d\u043e",
        "region": 1266
    }
},
{
    "model": "home.city",
    "pk": 95,
    "fields": {
        "title": "\u041a\u0440\u0430\u0441\u043d\u043e\u0441\u043b\u043e\u0431\u043e\u0434\u0441\u043a",
        "region": 1266
    }
},
{
    "model": "home.city",
    "pk": 96,
    "fields": {
        "title": "\u0420\u0443\u0437\u0430\u0435\u0432\u043a\u0430",
        "region": 1266
    }
},
{
    "model": "home.city",
    "pk": 97,
    "fields": {
        "title": "\u0421\u0430\u0440\u0430\u043d\u0441\u043a",
        "region": 1266
    }
},
{
    "model": "home.city",
    "pk": 98,
    "fields": {
        "title": "\u0422\u0435\u043c\u043d\u0438\u043a\u043e\u0432",
        "region": 1266
    }
},
{
    "model": "home.city",
    "pk": 99,
    "fields": {
        "title": "\u0410\u043b\u0434\u0430\u043d",
        "region": 1267
    }
},
{
    "model": "home.city",
    "pk": 100,
    "fields": {
        "title": "\u0412\u0435\u0440\u0445\u043e\u044f\u043d\u0441\u043a",
        "region": 1267
    }
},
{
    "model": "home.city",
    "pk": 101,
    "fields": {
        "title": "\u0412\u0438\u043b\u044e\u0439\u0441\u043a",
        "region": 1267
    }
},
{
    "model": "home.city",
    "pk": 102,
    "fields": {
        "title": "\u041b\u0435\u043d\u0441\u043a",
        "region": 1267
    }
},
{
    "model": "home.city",
    "pk": 103,
    "fields": {
        "title": "\u041c\u0438\u0440\u043d\u044b\u0439",
        "region": 1267
    }
},
{
    "model": "home.city",
    "pk": 104,
    "fields": {
        "title": "\u041d\u0435\u0440\u044e\u043d\u0433\u0440\u0438",
        "region": 1267
    }
},
{
    "model": "home.city",
    "pk": 105,
    "fields": {
        "title": "\u041d\u044e\u0440\u0431\u0430",
        "region": 1267
    }
},
{
    "model": "home.city",
    "pk": 106,
    "fields": {
        "title": "\u041e\u043b\u0435\u043a\u043c\u0438\u043d\u0441\u043a",
        "region": 1267
    }
},
{
    "model": "home.city",
    "pk": 107,
    "fields": {
        "title": "\u041f\u043e\u043a\u0440\u043e\u0432\u0441\u043a",
        "region": 1267
    }
},
{
    "model": "home.city",
    "pk": 108,
    "fields": {
        "title": "\u0421\u0440\u0435\u0434\u043d\u0435\u043a\u043e\u043b\u044b\u043c\u0441\u043a",
        "region": 1267
    }
},
{
    "model": "home.city",
    "pk": 109,
    "fields": {
        "title": "\u0422\u043e\u043c\u043c\u043e\u0442",
        "region": 1267
    }
},
{
    "model": "home.city",
    "pk": 110,
    "fields": {
        "title": "\u0423\u0434\u0430\u0447\u043d\u044b\u0439",
        "region": 1267
    }
},
{
    "model": "home.city",
    "pk": 111,
    "fields": {
        "title": "\u042f\u043a\u0443\u0442\u0441\u043a",
        "region": 1267
    }
},
{
    "model": "home.city",
    "pk": 112,
    "fields": {
        "title": "\u0410\u043b\u0430\u0433\u0438\u0440",
        "region": 1268
    }
},
{
    "model": "home.city",
    "pk": 113,
    "fields": {
        "title": "\u0410\u0440\u0434\u043e\u043d",
        "region": 1268
    }
},
{
    "model": "home.city",
    "pk": 114,
    "fields": {
        "title": "\u0411\u0435\u0441\u043b\u0430\u043d",
        "region": 1268
    }
},
{
    "model": "home.city",
    "pk": 115,
    "fields": {
        "title": "\u0412\u043b\u0430\u0434\u0438\u043a\u0430\u0432\u043a\u0430\u0437",
        "region": 1268
    }
},
{
    "model": "home.city",
    "pk": 116,
    "fields": {
        "title": "\u0414\u0438\u0433\u043e\u0440\u0430",
        "region": 1268
    }
},
{
    "model": "home.city",
    "pk": 117,
    "fields": {
        "title": "\u041c\u043e\u0437\u0434\u043e\u043a",
        "region": 1268
    }
},
{
    "model": "home.city",
    "pk": 118,
    "fields": {
        "title": "\u0410\u0433\u0440\u044b\u0437",
        "region": 1269
    }
},
{
    "model": "home.city",
    "pk": 119,
    "fields": {
        "title": "\u0410\u0437\u043d\u0430\u043a\u0430\u0435\u0432\u043e",
        "region": 1269
    }
},
{
    "model": "home.city",
    "pk": 120,
    "fields": {
        "title": "\u0410\u043b\u044c\u043c\u0435\u0442\u044c\u0435\u0432\u0441\u043a",
        "region": 1269
    }
},
{
    "model": "home.city",
    "pk": 121,
    "fields": {
        "title": "\u0410\u0440\u0441\u043a",
        "region": 1269
    }
},
{
    "model": "home.city",
    "pk": 122,
    "fields": {
        "title": "\u0411\u0430\u0432\u043b\u044b",
        "region": 1269
    }
},
{
    "model": "home.city",
    "pk": 123,
    "fields": {
        "title": "\u0411\u043e\u043b\u0433\u0430\u0440",
        "region": 1269
    }
},
{
    "model": "home.city",
    "pk": 124,
    "fields": {
        "title": "\u0411\u0443\u0433\u0443\u043b\u044c\u043c\u0430",
        "region": 1269
    }
},
{
    "model": "home.city",
    "pk": 125,
    "fields": {
        "title": "\u0411\u0443\u0438\u043d\u0441\u043a",
        "region": 1269
    }
},
{
    "model": "home.city",
    "pk": 126,
    "fields": {
        "title": "\u0415\u043b\u0430\u0431\u0443\u0433\u0430",
        "region": 1269
    }
},
{
    "model": "home.city",
    "pk": 127,
    "fields": {
        "title": "\u0417\u0430\u0438\u043d\u0441\u043a",
        "region": 1269
    }
},
{
    "model": "home.city",
    "pk": 128,
    "fields": {
        "title": "\u0417\u0435\u043b\u0435\u043d\u043e\u0434\u043e\u043b\u044c\u0441\u043a",
        "region": 1269
    }
},
{
    "model": "home.city",
    "pk": 129,
    "fields": {
        "title": "\u041a\u0430\u0437\u0430\u043d\u044c",
        "region": 1269
    }
},
{
    "model": "home.city",
    "pk": 130,
    "fields": {
        "title": "\u041b\u0430\u0438\u0448\u0435\u0432\u043e",
        "region": 1269
    }
},
{
    "model": "home.city",
    "pk": 131,
    "fields": {
        "title": "\u041b\u0435\u043d\u0438\u043d\u043e\u0433\u043e\u0440\u0441\u043a",
        "region": 1269
    }
},
{
    "model": "home.city",
    "pk": 132,
    "fields": {
        "title": "\u041c\u0430\u043c\u0430\u0434\u044b\u0448",
        "region": 1269
    }
},
{
    "model": "home.city",
    "pk": 133,
    "fields": {
        "title": "\u041c\u0435\u043d\u0434\u0435\u043b\u0435\u0435\u0432\u0441\u043a",
        "region": 1269
    }
},
{
    "model": "home.city",
    "pk": 134,
    "fields": {
        "title": "\u041c\u0435\u043d\u0437\u0435\u043b\u0438\u043d\u0441\u043a",
        "region": 1269
    }
},
{
    "model": "home.city",
    "pk": 135,
    "fields": {
        "title": "\u041d\u0430\u0431\u0435\u0440\u0435\u0436\u043d\u044b\u0435 \u0427\u0435\u043b\u043d\u044b",
        "region": 1269
    }
},
{
    "model": "home.city",
    "pk": 136,
    "fields": {
        "title": "\u041d\u0438\u0436\u043d\u0435\u043a\u0430\u043c\u0441\u043a",
        "region": 1269
    }
},
{
    "model": "home.city",
    "pk": 137,
    "fields": {
        "title": "\u041d\u0443\u0440\u043b\u0430\u0442",
        "region": 1269
    }
},
{
    "model": "home.city",
    "pk": 138,
    "fields": {
        "title": "\u0422\u0435\u0442\u044e\u0448\u0438",
        "region": 1269
    }
},
{
    "model": "home.city",
    "pk": 139,
    "fields": {
        "title": "\u0427\u0438\u0441\u0442\u043e\u043f\u043e\u043b\u044c",
        "region": 1269
    }
},
{
    "model": "home.city",
    "pk": 140,
    "fields": {
        "title": "\u0410\u043a-\u0414\u043e\u0432\u0443\u0440\u0430\u043a",
        "region": 1270
    }
},
{
    "model": "home.city",
    "pk": 141,
    "fields": {
        "title": "\u041a\u044b\u0437\u044b\u043b",
        "region": 1270
    }
},
{
    "model": "home.city",
    "pk": 142,
    "fields": {
        "title": "\u0422\u0443\u0440\u0430\u043d",
        "region": 1270
    }
},
{
    "model": "home.city",
    "pk": 143,
    "fields": {
        "title": "\u0427\u0430\u0434\u0430\u043d",
        "region": 1270
    }
},
{
    "model": "home.city",
    "pk": 144,
    "fields": {
        "title": "\u0428\u0430\u0433\u043e\u043d\u0430\u0440",
        "region": 1270
    }
},
{
    "model": "home.city",
    "pk": 145,
    "fields": {
        "title": "\u0412\u043e\u0442\u043a\u0438\u043d\u0441\u043a",
        "region": 1271
    }
},
{
    "model": "home.city",
    "pk": 146,
    "fields": {
        "title": "\u0413\u043b\u0430\u0437\u043e\u0432",
        "region": 1271
    }
},
{
    "model": "home.city",
    "pk": 147,
    "fields": {
        "title": "\u0418\u0436\u0435\u0432\u0441\u043a",
        "region": 1271
    }
},
{
    "model": "home.city",
    "pk": 148,
    "fields": {
        "title": "\u041a\u0430\u043c\u0431\u0430\u0440\u043a\u0430",
        "region": 1271
    }
},
{
    "model": "home.city",
    "pk": 149,
    "fields": {
        "title": "\u041c\u043e\u0436\u0433\u0430",
        "region": 1271
    }
},
{
    "model": "home.city",
    "pk": 150,
    "fields": {
        "title": "\u0421\u0430\u0440\u0430\u043f\u0443\u043b",
        "region": 1271
    }
},
{
    "model": "home.city",
    "pk": 151,
    "fields": {
        "title": "\u0410\u0431\u0430\u0437\u0430",
        "region": 1272
    }
},
{
    "model": "home.city",
    "pk": 152,
    "fields": {
        "title": "\u0410\u0431\u0430\u043a\u0430\u043d",
        "region": 1272
    }
},
{
    "model": "home.city",
    "pk": 153,
    "fields": {
        "title": "\u0421\u0430\u044f\u043d\u043e\u0433\u043e\u0440\u0441\u043a",
        "region": 1272
    }
},
{
    "model": "home.city",
    "pk": 154,
    "fields": {
        "title": "\u0421\u043e\u0440\u0441\u043a",
        "region": 1272
    }
},
{
    "model": "home.city",
    "pk": 155,
    "fields": {
        "title": "\u0427\u0435\u0440\u043d\u043e\u0433\u043e\u0440\u0441\u043a",
        "region": 1272
    }
},
{
    "model": "home.city",
    "pk": 156,
    "fields": {
        "title": "\u0410\u0440\u0433\u0443\u043d",
        "region": 1273
    }
},
{
    "model": "home.city",
    "pk": 157,
    "fields": {
        "title": "\u0413\u0440\u043e\u0437\u043d\u044b\u0439",
        "region": 1273
    }
},
{
    "model": "home.city",
    "pk": 158,
    "fields": {
        "title": "\u0413\u0443\u0434\u0435\u0440\u043c\u0435\u0441",
        "region": 1273
    }
},
{
    "model": "home.city",
    "pk": 159,
    "fields": {
        "title": "\u0423\u0440\u0443\u0441-\u041c\u0430\u0440\u0442\u0430\u043d",
        "region": 1273
    }
},
{
    "model": "home.city",
    "pk": 160,
    "fields": {
        "title": "\u0428\u0430\u043b\u0438",
        "region": 1273
    }
},
{
    "model": "home.city",
    "pk": 161,
    "fields": {
        "title": "\u0410\u043b\u0430\u0442\u044b\u0440\u044c",
        "region": 1274
    }
},
{
    "model": "home.city",
    "pk": 162,
    "fields": {
        "title": "\u041a\u0430\u043d\u0430\u0448",
        "region": 1274
    }
},
{
    "model": "home.city",
    "pk": 163,
    "fields": {
        "title": "\u041a\u043e\u0437\u043b\u043e\u0432\u043a\u0430",
        "region": 1274
    }
},
{
    "model": "home.city",
    "pk": 164,
    "fields": {
        "title": "\u041c\u0430\u0440\u0438\u0438\u043d\u0441\u043a\u0438\u0439 \u041f\u043e\u0441\u0430\u0434",
        "region": 1274
    }
},
{
    "model": "home.city",
    "pk": 165,
    "fields": {
        "title": "\u041d\u043e\u0432\u043e\u0447\u0435\u0431\u043e\u043a\u0441\u0430\u0440\u0441\u043a",
        "region": 1274
    }
},
{
    "model": "home.city",
    "pk": 166,
    "fields": {
        "title": "\u0426\u0438\u0432\u0438\u043b\u044c\u0441\u043a",
        "region": 1274
    }
},
{
    "model": "home.city",
    "pk": 167,
    "fields": {
        "title": "\u0427\u0435\u0431\u043e\u043a\u0441\u0430\u0440\u044b",
        "region": 1274
    }
},
{
    "model": "home.city",
    "pk": 168,
    "fields": {
        "title": "\u0428\u0443\u043c\u0435\u0440\u043b\u044f",
        "region": 1274
    }
},
{
    "model": "home.city",
    "pk": 169,
    "fields": {
        "title": "\u042f\u0434\u0440\u0438\u043d",
        "region": 1274
    }
},
{
    "model": "home.city",
    "pk": 170,
    "fields": {
        "title": "\u0410\u043b\u0435\u0439\u0441\u043a",
        "region": 1275
    }
},
{
    "model": "home.city",
    "pk": 171,
    "fields": {
        "title": "\u0411\u0430\u0440\u043d\u0430\u0443\u043b",
        "region": 1275
    }
},
{
    "model": "home.city",
    "pk": 172,
    "fields": {
        "title": "\u0411\u0435\u043b\u043e\u043a\u0443\u0440\u0438\u0445\u0430",
        "region": 1275
    }
},
{
    "model": "home.city",
    "pk": 173,
    "fields": {
        "title": "\u0411\u0438\u0439\u0441\u043a",
        "region": 1275
    }
},
{
    "model": "home.city",
    "pk": 174,
    "fields": {
        "title": "\u0413\u043e\u0440\u043d\u044f\u043a",
        "region": 1275
    }
},
{
    "model": "home.city",
    "pk": 175,
    "fields": {
        "title": "\u0417\u0430\u0440\u0438\u043d\u0441\u043a",
        "region": 1275
    }
},
{
    "model": "home.city",
    "pk": 176,
    "fields": {
        "title": "\u0417\u043c\u0435\u0438\u043d\u043e\u0433\u043e\u0440\u0441\u043a",
        "region": 1275
    }
},
{
    "model": "home.city",
    "pk": 177,
    "fields": {
        "title": "\u041a\u0430\u043c\u0435\u043d\u044c-\u043d\u0430-\u041e\u0431\u0438",
        "region": 1275
    }
},
{
    "model": "home.city",
    "pk": 178,
    "fields": {
        "title": "\u041d\u043e\u0432\u043e\u0430\u043b\u0442\u0430\u0439\u0441\u043a",
        "region": 1275
    }
},
{
    "model": "home.city",
    "pk": 179,
    "fields": {
        "title": "\u0420\u0443\u0431\u0446\u043e\u0432\u0441\u043a",
        "region": 1275
    }
},
{
    "model": "home.city",
    "pk": 180,
    "fields": {
        "title": "\u0421\u043b\u0430\u0432\u0433\u043e\u0440\u043e\u0434",
        "region": 1275
    }
},
{
    "model": "home.city",
    "pk": 181,
    "fields": {
        "title": "\u042f\u0440\u043e\u0432\u043e\u0435",
        "region": 1275
    }
},
{
    "model": "home.city",
    "pk": 182,
    "fields": {
        "title": "\u0410\u0431\u0438\u043d\u0441\u043a",
        "region": 1276
    }
},
{
    "model": "home.city",
    "pk": 183,
    "fields": {
        "title": "\u0410\u043d\u0430\u043f\u0430",
        "region": 1276
    }
},
{
    "model": "home.city",
    "pk": 184,
    "fields": {
        "title": "\u0410\u043f\u0448\u0435\u0440\u043e\u043d\u0441\u043a",
        "region": 1276
    }
},
{
    "model": "home.city",
    "pk": 185,
    "fields": {
        "title": "\u0410\u0440\u043c\u0430\u0432\u0438\u0440",
        "region": 1276
    }
},
{
    "model": "home.city",
    "pk": 186,
    "fields": {
        "title": "\u0411\u0435\u043b\u043e\u0440\u0435\u0447\u0435\u043d\u0441\u043a",
        "region": 1276
    }
},
{
    "model": "home.city",
    "pk": 187,
    "fields": {
        "title": "\u0413\u0435\u043b\u0435\u043d\u0434\u0436\u0438\u043a",
        "region": 1276
    }
},
{
    "model": "home.city",
    "pk": 188,
    "fields": {
        "title": "\u0413\u043e\u0440\u044f\u0447\u0438\u0439 \u041a\u043b\u044e\u0447",
        "region": 1276
    }
},
{
    "model": "home.city",
    "pk": 189,
    "fields": {
        "title": "\u0413\u0443\u043b\u044c\u043a\u0435\u0432\u0438\u0447\u0438",
        "region": 1276
    }
},
{
    "model": "home.city",
    "pk": 190,
    "fields": {
        "title": "\u0415\u0439\u0441\u043a",
        "region": 1276
    }
},
{
    "model": "home.city",
    "pk": 191,
    "fields": {
        "title": "\u041a\u043e\u0440\u0435\u043d\u043e\u0432\u0441\u043a",
        "region": 1276
    }
},
{
    "model": "home.city",
    "pk": 192,
    "fields": {
        "title": "\u041a\u0440\u0430\u0441\u043d\u043e\u0434\u0430\u0440",
        "region": 1276
    }
},
{
    "model": "home.city",
    "pk": 193,
    "fields": {
        "title": "\u041a\u0440\u043e\u043f\u043e\u0442\u043a\u0438\u043d",
        "region": 1276
    }
},
{
    "model": "home.city",
    "pk": 194,
    "fields": {
        "title": "\u041a\u0440\u044b\u043c\u0441\u043a",
        "region": 1276
    }
},
{
    "model": "home.city",
    "pk": 195,
    "fields": {
        "title": "\u041a\u0443\u0440\u0433\u0430\u043d\u0438\u043d\u0441\u043a",
        "region": 1276
    }
},
{
    "model": "home.city",
    "pk": 196,
    "fields": {
        "title": "\u041b\u0430\u0431\u0438\u043d\u0441\u043a",
        "region": 1276
    }
},
{
    "model": "home.city",
    "pk": 197,
    "fields": {
        "title": "\u041d\u043e\u0432\u043e\u043a\u0443\u0431\u0430\u043d\u0441\u043a",
        "region": 1276
    }
},
{
    "model": "home.city",
    "pk": 198,
    "fields": {
        "title": "\u041d\u043e\u0432\u043e\u0440\u043e\u0441\u0441\u0438\u0439\u0441\u043a",
        "region": 1276
    }
},
{
    "model": "home.city",
    "pk": 199,
    "fields": {
        "title": "\u041f\u0440\u0438\u043c\u043e\u0440\u0441\u043a\u043e-\u0410\u0445\u0442\u0430\u0440\u0441\u043a",
        "region": 1276
    }
},
{
    "model": "home.city",
    "pk": 200,
    "fields": {
        "title": "\u0421\u043b\u0430\u0432\u044f\u043d\u0441\u043a-\u043d\u0430-\u041a\u0443\u0431\u0430\u043d\u0438",
        "region": 1276
    }
},
{
    "model": "home.city",
    "pk": 201,
    "fields": {
        "title": "\u0421\u043e\u0447\u0438",
        "region": 1276
    }
},
{
    "model": "home.city",
    "pk": 202,
    "fields": {
        "title": "\u0422\u0435\u043c\u0440\u044e\u043a",
        "region": 1276
    }
},
{
    "model": "home.city",
    "pk": 203,
    "fields": {
        "title": "\u0422\u0438\u043c\u0430\u0448\u0435\u0432\u0441\u043a",
        "region": 1276
    }
},
{
    "model": "home.city",
    "pk": 204,
    "fields": {
        "title": "\u0422\u0438\u0445\u043e\u0440\u0435\u0446\u043a",
        "region": 1276
    }
},
{
    "model": "home.city",
    "pk": 205,
    "fields": {
        "title": "\u0422\u0443\u0430\u043f\u0441\u0435",
        "region": 1276
    }
},
{
    "model": "home.city",
    "pk": 206,
    "fields": {
        "title": "\u0423\u0441\u0442\u044c-\u041b\u0430\u0431\u0438\u043d\u0441\u043a",
        "region": 1276
    }
},
{
    "model": "home.city",
    "pk": 207,
    "fields": {
        "title": "\u0425\u0430\u0434\u044b\u0436\u0435\u043d\u0441\u043a",
        "region": 1276
    }
},
{
    "model": "home.city",
    "pk": 208,
    "fields": {
        "title": "\u0410\u0440\u0442\u0435\u043c\u043e\u0432\u0441\u043a",
        "region": 1277
    }
},
{
    "model": "home.city",
    "pk": 209,
    "fields": {
        "title": "\u0410\u0447\u0438\u043d\u0441\u043a",
        "region": 1277
    }
},
{
    "model": "home.city",
    "pk": 210,
    "fields": {
        "title": "\u0411\u043e\u0433\u043e\u0442\u043e\u043b",
        "region": 1277
    }
},
{
    "model": "home.city",
    "pk": 211,
    "fields": {
        "title": "\u0411\u043e\u0440\u043e\u0434\u0438\u043d\u043e",
        "region": 1277
    }
},
{
    "model": "home.city",
    "pk": 212,
    "fields": {
        "title": "\u0414\u0438\u0432\u043d\u043e\u0433\u043e\u0440\u0441\u043a",
        "region": 1277
    }
},
{
    "model": "home.city",
    "pk": 213,
    "fields": {
        "title": "\u0414\u0443\u0434\u0438\u043d\u043a\u0430",
        "region": 1277
    }
},
{
    "model": "home.city",
    "pk": 214,
    "fields": {
        "title": "\u0415\u043d\u0438\u0441\u0435\u0439\u0441\u043a",
        "region": 1277
    }
},
{
    "model": "home.city",
    "pk": 215,
    "fields": {
        "title": "\u0416\u0435\u043b\u0435\u0437\u043d\u043e\u0433\u043e\u0440\u0441\u043a",
        "region": 1277
    }
},
{
    "model": "home.city",
    "pk": 216,
    "fields": {
        "title": "\u0417\u0430\u043e\u0437\u0435\u0440\u043d\u044b\u0439",
        "region": 1277
    }
},
{
    "model": "home.city",
    "pk": 217,
    "fields": {
        "title": "\u0417\u0435\u043b\u0435\u043d\u043e\u0433\u043e\u0440\u0441\u043a",
        "region": 1277
    }
},
{
    "model": "home.city",
    "pk": 218,
    "fields": {
        "title": "\u0418\u0433\u0430\u0440\u043a\u0430",
        "region": 1277
    }
},
{
    "model": "home.city",
    "pk": 219,
    "fields": {
        "title": "\u0418\u043b\u0430\u043d\u0441\u043a\u0438\u0439",
        "region": 1277
    }
},
{
    "model": "home.city",
    "pk": 220,
    "fields": {
        "title": "\u041a\u0430\u043d\u0441\u043a",
        "region": 1277
    }
},
{
    "model": "home.city",
    "pk": 221,
    "fields": {
        "title": "\u041a\u043e\u0434\u0438\u043d\u0441\u043a",
        "region": 1277
    }
},
{
    "model": "home.city",
    "pk": 222,
    "fields": {
        "title": "\u041a\u0440\u0430\u0441\u043d\u043e\u044f\u0440\u0441\u043a",
        "region": 1277
    }
},
{
    "model": "home.city",
    "pk": 223,
    "fields": {
        "title": "\u041b\u0435\u0441\u043e\u0441\u0438\u0431\u0438\u0440\u0441\u043a",
        "region": 1277
    }
},
{
    "model": "home.city",
    "pk": 224,
    "fields": {
        "title": "\u041c\u0438\u043d\u0443\u0441\u0438\u043d\u0441\u043a",
        "region": 1277
    }
},
{
    "model": "home.city",
    "pk": 225,
    "fields": {
        "title": "\u041d\u0430\u0437\u0430\u0440\u043e\u0432\u043e",
        "region": 1277
    }
},
{
    "model": "home.city",
    "pk": 226,
    "fields": {
        "title": "\u041d\u043e\u0440\u0438\u043b\u044c\u0441\u043a",
        "region": 1277
    }
},
{
    "model": "home.city",
    "pk": 227,
    "fields": {
        "title": "\u0421\u043e\u0441\u043d\u043e\u0432\u043e\u0431\u043e\u0440\u0441\u043a",
        "region": 1277
    }
},
{
    "model": "home.city",
    "pk": 228,
    "fields": {
        "title": "\u0423\u0436\u0443\u0440",
        "region": 1277
    }
},
{
    "model": "home.city",
    "pk": 229,
    "fields": {
        "title": "\u0423\u044f\u0440",
        "region": 1277
    }
},
{
    "model": "home.city",
    "pk": 230,
    "fields": {
        "title": "\u0428\u0430\u0440\u044b\u043f\u043e\u0432\u043e",
        "region": 1277
    }
},
{
    "model": "home.city",
    "pk": 231,
    "fields": {
        "title": "\u0410\u0440\u0441\u0435\u043d\u044c\u0435\u0432",
        "region": 1278
    }
},
{
    "model": "home.city",
    "pk": 232,
    "fields": {
        "title": "\u0410\u0440\u0442\u0435\u043c",
        "region": 1278
    }
},
{
    "model": "home.city",
    "pk": 233,
    "fields": {
        "title": "\u0411\u043e\u043b\u044c\u0448\u043e\u0439 \u041a\u0430\u043c\u0435\u043d\u044c",
        "region": 1278
    }
},
{
    "model": "home.city",
    "pk": 234,
    "fields": {
        "title": "\u0412\u043b\u0430\u0434\u0438\u0432\u043e\u0441\u0442\u043e\u043a",
        "region": 1278
    }
},
{
    "model": "home.city",
    "pk": 235,
    "fields": {
        "title": "\u0414\u0430\u043b\u044c\u043d\u0435\u0433\u043e\u0440\u0441\u043a",
        "region": 1278
    }
},
{
    "model": "home.city",
    "pk": 236,
    "fields": {
        "title": "\u0414\u0430\u043b\u044c\u043d\u0435\u0440\u0435\u0447\u0435\u043d\u0441\u043a",
        "region": 1278
    }
},
{
    "model": "home.city",
    "pk": 237,
    "fields": {
        "title": "\u041b\u0435\u0441\u043e\u0437\u0430\u0432\u043e\u0434\u0441\u043a",
        "region": 1278
    }
},
{
    "model": "home.city",
    "pk": 238,
    "fields": {
        "title": "\u041d\u0430\u0445\u043e\u0434\u043a\u0430",
        "region": 1278
    }
},
{
    "model": "home.city",
    "pk": 239,
    "fields": {
        "title": "\u041f\u0430\u0440\u0442\u0438\u0437\u0430\u043d\u0441\u043a",
        "region": 1278
    }
},
{
    "model": "home.city",
    "pk": 240,
    "fields": {
        "title": "\u0421\u043f\u0430\u0441\u0441\u043a-\u0414\u0430\u043b\u044c\u043d\u0438\u0439",
        "region": 1278
    }
},
{
    "model": "home.city",
    "pk": 241,
    "fields": {
        "title": "\u0423\u0441\u0441\u0443\u0440\u0438\u0439\u0441\u043a",
        "region": 1278
    }
},
{
    "model": "home.city",
    "pk": 242,
    "fields": {
        "title": "\u0424\u043e\u043a\u0438\u043d\u043e",
        "region": 1278
    }
},
{
    "model": "home.city",
    "pk": 243,
    "fields": {
        "title": "\u0411\u043b\u0430\u0433\u043e\u0434\u0430\u0440\u043d\u044b\u0439",
        "region": 1
    }
},
{
    "model": "home.city",
    "pk": 244,
    "fields": {
        "title": "\u0411\u0443\u0434\u0435\u043d\u043d\u043e\u0432\u0441\u043a",
        "region": 1
    }
},
{
    "model": "home.city",
    "pk": 245,
    "fields": {
        "title": "\u0413\u0435\u043e\u0440\u0433\u0438\u0435\u0432\u0441\u043a",
        "region": 1
    }
},
{
    "model": "home.city",
    "pk": 246,
    "fields": {
        "title": "\u0415\u0441\u0441\u0435\u043d\u0442\u0443\u043a\u0438",
        "region": 1
    }
},
{
    "model": "home.city",
    "pk": 247,
    "fields": {
        "title": "\u0416\u0435\u043b\u0435\u0437\u043d\u043e\u0432\u043e\u0434\u0441\u043a",
        "region": 1
    }
},
{
    "model": "home.city",
    "pk": 248,
    "fields": {
        "title": "\u0417\u0435\u043b\u0435\u043d\u043e\u043a\u0443\u043c\u0441\u043a",
        "region": 1
    }
},
{
    "model": "home.city",
    "pk": 249,
    "fields": {
        "title": "\u0418\u0437\u043e\u0431\u0438\u043b\u044c\u043d\u044b\u0439",
        "region": 1
    }
},
{
    "model": "home.city",
    "pk": 250,
    "fields": {
        "title": "\u0418\u043f\u0430\u0442\u043e\u0432\u043e",
        "region": 1
    }
},
{
    "model": "home.city",
    "pk": 251,
    "fields": {
        "title": "\u041a\u0438\u0441\u043b\u043e\u0432\u043e\u0434\u0441\u043a",
        "region": 1
    }
},
{
    "model": "home.city",
    "pk": 252,
    "fields": {
        "title": "\u041b\u0435\u0440\u043c\u043e\u043d\u0442\u043e\u0432",
        "region": 1
    }
},
{
    "model": "home.city",
    "pk": 253,
    "fields": {
        "title": "\u041c\u0438\u043d\u0435\u0440\u0430\u043b\u044c\u043d\u044b\u0435 \u0412\u043e\u0434\u044b",
        "region": 1
    }
},
{
    "model": "home.city",
    "pk": 254,
    "fields": {
        "title": "\u041c\u0438\u0445\u0430\u0439\u043b\u043e\u0432\u0441\u043a",
        "region": 1
    }
},
{
    "model": "home.city",
    "pk": 255,
    "fields": {
        "title": "\u041d\u0435\u0432\u0438\u043d\u043d\u043e\u043c\u044b\u0441\u0441\u043a",
        "region": 1
    }
},
{
    "model": "home.city",
    "pk": 256,
    "fields": {
        "title": "\u041d\u0435\u0444\u0442\u0435\u043a\u0443\u043c\u0441\u043a",
        "region": 1
    }
},
{
    "model": "home.city",
    "pk": 257,
    "fields": {
        "title": "\u041d\u043e\u0432\u043e\u0430\u043b\u0435\u043a\u0441\u0430\u043d\u0434\u0440\u043e\u0432\u0441\u043a",
        "region": 1
    }
},
{
    "model": "home.city",
    "pk": 258,
    "fields": {
        "title": "\u041d\u043e\u0432\u043e\u043f\u0430\u0432\u043b\u043e\u0432\u0441\u043a",
        "region": 1
    }
},
{
    "model": "home.city",
    "pk": 259,
    "fields": {
        "title": "\u041f\u044f\u0442\u0438\u0433\u043e\u0440\u0441\u043a",
        "region": 1
    }
},
{
    "model": "home.city",
    "pk": 260,
    "fields": {
        "title": "\u0421\u0432\u0435\u0442\u043b\u043e\u0433\u0440\u0430\u0434",
        "region": 1
    }
},
{
    "model": "home.city",
    "pk": 261,
    "fields": {
        "title": "\u0410\u043c\u0443\u0440\u0441\u043a",
        "region": 1279
    }
},
{
    "model": "home.city",
    "pk": 262,
    "fields": {
        "title": "\u0411\u0438\u043a\u0438\u043d",
        "region": 1279
    }
},
{
    "model": "home.city",
    "pk": 263,
    "fields": {
        "title": "\u0412\u044f\u0437\u0435\u043c\u0441\u043a\u0438\u0439",
        "region": 1279
    }
},
{
    "model": "home.city",
    "pk": 264,
    "fields": {
        "title": "\u041a\u043e\u043c\u0441\u043e\u043c\u043e\u043b\u044c\u0441\u043a-\u043d\u0430-\u0410\u043c\u0443\u0440\u0435",
        "region": 1279
    }
},
{
    "model": "home.city",
    "pk": 265,
    "fields": {
        "title": "\u041d\u0438\u043a\u043e\u043b\u0430\u0435\u0432\u0441\u043a-\u043d\u0430-\u0410\u043c\u0443\u0440\u0435",
        "region": 1279
    }
},
{
    "model": "home.city",
    "pk": 266,
    "fields": {
        "title": "\u0421\u043e\u0432\u0435\u0442\u0441\u043a\u0430\u044f \u0413\u0430\u0432\u0430\u043d\u044c",
        "region": 1279
    }
},
{
    "model": "home.city",
    "pk": 267,
    "fields": {
        "title": "\u0425\u0430\u0431\u0430\u0440\u043e\u0432\u0441\u043a",
        "region": 1279
    }
},
{
    "model": "home.city",
    "pk": 268,
    "fields": {
        "title": "\u0411\u0435\u043b\u043e\u0433\u043e\u0440\u0441\u043a",
        "region": 1280
    }
},
{
    "model": "home.city",
    "pk": 269,
    "fields": {
        "title": "\u0411\u043b\u0430\u0433\u043e\u0432\u0435\u0449\u0435\u043d\u0441\u043a",
        "region": 1280
    }
},
{
    "model": "home.city",
    "pk": 270,
    "fields": {
        "title": "\u0417\u0430\u0432\u0438\u0442\u0438\u043d\u0441\u043a",
        "region": 1280
    }
},
{
    "model": "home.city",
    "pk": 271,
    "fields": {
        "title": "\u0417\u0435\u044f",
        "region": 1280
    }
},
{
    "model": "home.city",
    "pk": 272,
    "fields": {
        "title": "\u0420\u0430\u0439\u0447\u0438\u0445\u0438\u043d\u0441\u043a",
        "region": 1280
    }
},
{
    "model": "home.city",
    "pk": 273,
    "fields": {
        "title": "\u0421\u0432\u043e\u0431\u043e\u0434\u043d\u044b\u0439",
        "region": 1280
    }
},
{
    "model": "home.city",
    "pk": 274,
    "fields": {
        "title": "\u0421\u043a\u043e\u0432\u043e\u0440\u043e\u0434\u0438\u043d\u043e",
        "region": 1280
    }
},
{
    "model": "home.city",
    "pk": 275,
    "fields": {
        "title": "\u0422\u044b\u043d\u0434\u0430",
        "region": 1280
    }
},
{
    "model": "home.city",
    "pk": 276,
    "fields": {
        "title": "\u0428\u0438\u043c\u0430\u043d\u043e\u0432\u0441\u043a",
        "region": 1280
    }
},
{
    "model": "home.city",
    "pk": 277,
    "fields": {
        "title": "\u0410\u0440\u0445\u0430\u043d\u0433\u0435\u043b\u044c\u0441\u043a",
        "region": 1281
    }
},
{
    "model": "home.city",
    "pk": 278,
    "fields": {
        "title": "\u0412\u0435\u043b\u044c\u0441\u043a",
        "region": 1281
    }
},
{
    "model": "home.city",
    "pk": 279,
    "fields": {
        "title": "\u041a\u0430\u0440\u0433\u043e\u043f\u043e\u043b\u044c",
        "region": 1281
    }
},
{
    "model": "home.city",
    "pk": 280,
    "fields": {
        "title": "\u041a\u043e\u0440\u044f\u0436\u043c\u0430",
        "region": 1281
    }
},
{
    "model": "home.city",
    "pk": 281,
    "fields": {
        "title": "\u041a\u043e\u0442\u043b\u0430\u0441",
        "region": 1281
    }
},
{
    "model": "home.city",
    "pk": 282,
    "fields": {
        "title": "\u041c\u0435\u0437\u0435\u043d\u044c",
        "region": 1281
    }
},
{
    "model": "home.city",
    "pk": 283,
    "fields": {
        "title": "\u041c\u0438\u0440\u043d\u044b\u0439",
        "region": 1281
    }
},
{
    "model": "home.city",
    "pk": 284,
    "fields": {
        "title": "\u041d\u043e\u0432\u043e\u0434\u0432\u0438\u043d\u0441\u043a",
        "region": 1281
    }
},
{
    "model": "home.city",
    "pk": 285,
    "fields": {
        "title": "\u041d\u044f\u043d\u0434\u043e\u043c\u0430",
        "region": 1281
    }
},
{
    "model": "home.city",
    "pk": 286,
    "fields": {
        "title": "\u041e\u043d\u0435\u0433\u0430",
        "region": 1281
    }
},
{
    "model": "home.city",
    "pk": 287,
    "fields": {
        "title": "\u0421\u0435\u0432\u0435\u0440\u043e\u0434\u0432\u0438\u043d\u0441\u043a",
        "region": 1281
    }
},
{
    "model": "home.city",
    "pk": 288,
    "fields": {
        "title": "\u0421\u043e\u043b\u044c\u0432\u044b\u0447\u0435\u0433\u043e\u0434\u0441\u043a",
        "region": 1281
    }
},
{
    "model": "home.city",
    "pk": 289,
    "fields": {
        "title": "\u0428\u0435\u043d\u043a\u0443\u0440\u0441\u043a",
        "region": 1281
    }
},
{
    "model": "home.city",
    "pk": 290,
    "fields": {
        "title": "\u0410\u0441\u0442\u0440\u0430\u0445\u0430\u043d\u044c",
        "region": 1282
    }
},
{
    "model": "home.city",
    "pk": 291,
    "fields": {
        "title": "\u0410\u0445\u0442\u0443\u0431\u0438\u043d\u0441\u043a",
        "region": 1282
    }
},
{
    "model": "home.city",
    "pk": 292,
    "fields": {
        "title": "\u0410\u0445\u0442\u0443\u0431\u0438\u043d\u0441\u043a-7",
        "region": 1282
    }
},
{
    "model": "home.city",
    "pk": 293,
    "fields": {
        "title": "\u0417\u043d\u0430\u043c\u0435\u043d\u0441\u043a",
        "region": 1282
    }
},
{
    "model": "home.city",
    "pk": 294,
    "fields": {
        "title": "\u041a\u0430\u043c\u044b\u0437\u044f\u043a",
        "region": 1282
    }
},
{
    "model": "home.city",
    "pk": 295,
    "fields": {
        "title": "\u041d\u0430\u0440\u0438\u043c\u0430\u043d\u043e\u0432",
        "region": 1282
    }
},
{
    "model": "home.city",
    "pk": 296,
    "fields": {
        "title": "\u0425\u0430\u0440\u0430\u0431\u0430\u043b\u0438",
        "region": 1282
    }
},
{
    "model": "home.city",
    "pk": 297,
    "fields": {
        "title": "\u0410\u043b\u0435\u043a\u0441\u0435\u0435\u0432\u043a\u0430",
        "region": 1283
    }
},
{
    "model": "home.city",
    "pk": 298,
    "fields": {
        "title": "\u0411\u0435\u043b\u0433\u043e\u0440\u043e\u0434",
        "region": 1283
    }
},
{
    "model": "home.city",
    "pk": 299,
    "fields": {
        "title": "\u0411\u0438\u0440\u044e\u0447",
        "region": 1283
    }
},
{
    "model": "home.city",
    "pk": 300,
    "fields": {
        "title": "\u0412\u0430\u043b\u0443\u0439\u043a\u0438",
        "region": 1283
    }
},
{
    "model": "home.city",
    "pk": 301,
    "fields": {
        "title": "\u0413\u0440\u0430\u0439\u0432\u043e\u0440\u043e\u043d",
        "region": 1283
    }
},
{
    "model": "home.city",
    "pk": 302,
    "fields": {
        "title": "\u0413\u0443\u0431\u043a\u0438\u043d",
        "region": 1283
    }
},
{
    "model": "home.city",
    "pk": 303,
    "fields": {
        "title": "\u041a\u043e\u0440\u043e\u0447\u0430",
        "region": 1283
    }
},
{
    "model": "home.city",
    "pk": 304,
    "fields": {
        "title": "\u041d\u043e\u0432\u044b\u0439 \u041e\u0441\u043a\u043e\u043b",
        "region": 1283
    }
},
{
    "model": "home.city",
    "pk": 305,
    "fields": {
        "title": "\u0421\u0442\u0430\u0440\u044b\u0439 \u041e\u0441\u043a\u043e\u043b",
        "region": 1283
    }
},
{
    "model": "home.city",
    "pk": 306,
    "fields": {
        "title": "\u0421\u0442\u0440\u043e\u0438\u0442\u0435\u043b\u044c",
        "region": 1283
    }
},
{
    "model": "home.city",
    "pk": 307,
    "fields": {
        "title": "\u0428\u0435\u0431\u0435\u043a\u0438\u043d\u043e",
        "region": 1283
    }
},
{
    "model": "home.city",
    "pk": 308,
    "fields": {
        "title": "\u0411\u0440\u044f\u043d\u0441\u043a",
        "region": 1284
    }
},
{
    "model": "home.city",
    "pk": 309,
    "fields": {
        "title": "\u0414\u044f\u0442\u044c\u043a\u043e\u0432\u043e",
        "region": 1284
    }
},
{
    "model": "home.city",
    "pk": 310,
    "fields": {
        "title": "\u0416\u0443\u043a\u043e\u0432\u043a\u0430",
        "region": 1284
    }
},
{
    "model": "home.city",
    "pk": 311,
    "fields": {
        "title": "\u0417\u043b\u044b\u043d\u043a\u0430",
        "region": 1284
    }
},
{
    "model": "home.city",
    "pk": 312,
    "fields": {
        "title": "\u041a\u0430\u0440\u0430\u0447\u0435\u0432",
        "region": 1284
    }
},
{
    "model": "home.city",
    "pk": 313,
    "fields": {
        "title": "\u041a\u043b\u0438\u043d\u0446\u044b",
        "region": 1284
    }
},
{
    "model": "home.city",
    "pk": 314,
    "fields": {
        "title": "\u041c\u0433\u043b\u0438\u043d",
        "region": 1284
    }
},
{
    "model": "home.city",
    "pk": 315,
    "fields": {
        "title": "\u041d\u043e\u0432\u043e\u0437\u044b\u0431\u043a\u043e\u0432",
        "region": 1284
    }
},
{
    "model": "home.city",
    "pk": 316,
    "fields": {
        "title": "\u041f\u043e\u0447\u0435\u043f",
        "region": 1284
    }
},
{
    "model": "home.city",
    "pk": 317,
    "fields": {
        "title": "\u0421\u0435\u0432\u0441\u043a",
        "region": 1284
    }
},
{
    "model": "home.city",
    "pk": 318,
    "fields": {
        "title": "\u0421\u0435\u043b\u044c\u0446\u043e",
        "region": 1284
    }
},
{
    "model": "home.city",
    "pk": 319,
    "fields": {
        "title": "\u0421\u0442\u0430\u0440\u043e\u0434\u0443\u0431",
        "region": 1284
    }
},
{
    "model": "home.city",
    "pk": 320,
    "fields": {
        "title": "\u0421\u0443\u0440\u0430\u0436",
        "region": 1284
    }
},
{
    "model": "home.city",
    "pk": 321,
    "fields": {
        "title": "\u0422\u0440\u0443\u0431\u0447\u0435\u0432\u0441\u043a",
        "region": 1284
    }
},
{
    "model": "home.city",
    "pk": 322,
    "fields": {
        "title": "\u0423\u043d\u0435\u0447\u0430",
        "region": 1284
    }
},
{
    "model": "home.city",
    "pk": 323,
    "fields": {
        "title": "\u0424\u043e\u043a\u0438\u043d\u043e",
        "region": 1284
    }
},
{
    "model": "home.city",
    "pk": 324,
    "fields": {
        "title": "\u0410\u043b\u0435\u043a\u0441\u0430\u043d\u0434\u0440\u043e\u0432",
        "region": 1285
    }
},
{
    "model": "home.city",
    "pk": 325,
    "fields": {
        "title": "\u0412\u043b\u0430\u0434\u0438\u043c\u0438\u0440",
        "region": 1285
    }
},
{
    "model": "home.city",
    "pk": 326,
    "fields": {
        "title": "\u0412\u044f\u0437\u043d\u0438\u043a\u0438",
        "region": 1285
    }
},
{
    "model": "home.city",
    "pk": 327,
    "fields": {
        "title": "\u0413\u043e\u0440\u043e\u0445\u043e\u0432\u0435\u0446",
        "region": 1285
    }
},
{
    "model": "home.city",
    "pk": 328,
    "fields": {
        "title": "\u0413\u0443\u0441\u044c-\u0425\u0440\u0443\u0441\u0442\u0430\u043b\u044c\u043d\u044b\u0439",
        "region": 1285
    }
},
{
    "model": "home.city",
    "pk": 329,
    "fields": {
        "title": "\u041a\u0430\u043c\u0435\u0448\u043a\u043e\u0432\u043e",
        "region": 1285
    }
},
{
    "model": "home.city",
    "pk": 330,
    "fields": {
        "title": "\u041a\u0430\u0440\u0430\u0431\u0430\u043d\u043e\u0432\u043e",
        "region": 1285
    }
},
{
    "model": "home.city",
    "pk": 331,
    "fields": {
        "title": "\u041a\u0438\u0440\u0436\u0430\u0447",
        "region": 1285
    }
},
{
    "model": "home.city",
    "pk": 332,
    "fields": {
        "title": "\u041a\u043e\u0432\u0440\u043e\u0432",
        "region": 1285
    }
},
{
    "model": "home.city",
    "pk": 333,
    "fields": {
        "title": "\u041a\u043e\u043b\u044c\u0447\u0443\u0433\u0438\u043d\u043e",
        "region": 1285
    }
},
{
    "model": "home.city",
    "pk": 334,
    "fields": {
        "title": "\u041a\u043e\u0441\u0442\u0435\u0440\u0435\u0432\u043e",
        "region": 1285
    }
},
{
    "model": "home.city",
    "pk": 335,
    "fields": {
        "title": "\u041a\u0443\u0440\u043b\u043e\u0432\u043e",
        "region": 1285
    }
},
{
    "model": "home.city",
    "pk": 336,
    "fields": {
        "title": "\u041b\u0430\u043a\u0438\u043d\u0441\u043a",
        "region": 1285
    }
},
{
    "model": "home.city",
    "pk": 337,
    "fields": {
        "title": "\u041c\u0435\u043b\u0435\u043d\u043a\u0438",
        "region": 1285
    }
},
{
    "model": "home.city",
    "pk": 338,
    "fields": {
        "title": "\u041c\u0443\u0440\u043e\u043c",
        "region": 1285
    }
},
{
    "model": "home.city",
    "pk": 339,
    "fields": {
        "title": "\u041f\u0435\u0442\u0443\u0448\u043a\u0438",
        "region": 1285
    }
},
{
    "model": "home.city",
    "pk": 340,
    "fields": {
        "title": "\u041f\u043e\u043a\u0440\u043e\u0432",
        "region": 1285
    }
},
{
    "model": "home.city",
    "pk": 341,
    "fields": {
        "title": "\u0420\u0430\u0434\u0443\u0436\u043d\u044b\u0439",
        "region": 1285
    }
},
{
    "model": "home.city",
    "pk": 342,
    "fields": {
        "title": "\u0421\u043e\u0431\u0438\u043d\u043a\u0430",
        "region": 1285
    }
},
{
    "model": "home.city",
    "pk": 343,
    "fields": {
        "title": "\u0421\u0442\u0440\u0443\u043d\u0438\u043d\u043e",
        "region": 1285
    }
},
{
    "model": "home.city",
    "pk": 344,
    "fields": {
        "title": "\u0421\u0443\u0434\u043e\u0433\u0434\u0430",
        "region": 1285
    }
},
{
    "model": "home.city",
    "pk": 345,
    "fields": {
        "title": "\u0421\u0443\u0437\u0434\u0430\u043b\u044c",
        "region": 1285
    }
},
{
    "model": "home.city",
    "pk": 346,
    "fields": {
        "title": "\u042e\u0440\u044c\u0435\u0432-\u041f\u043e\u043b\u044c\u0441\u043a\u0438\u0439",
        "region": 1285
    }
},
{
    "model": "home.city",
    "pk": 347,
    "fields": {
        "title": "\u0412\u043e\u043b\u0433\u043e\u0433\u0440\u0430\u0434",
        "region": 1286
    }
},
{
    "model": "home.city",
    "pk": 348,
    "fields": {
        "title": "\u0412\u043e\u043b\u0436\u0441\u043a\u0438\u0439",
        "region": 1286
    }
},
{
    "model": "home.city",
    "pk": 349,
    "fields": {
        "title": "\u0414\u0443\u0431\u043e\u0432\u043a\u0430",
        "region": 1286
    }
},
{
    "model": "home.city",
    "pk": 350,
    "fields": {
        "title": "\u0416\u0438\u0440\u043d\u043e\u0432\u0441\u043a",
        "region": 1286
    }
},
{
    "model": "home.city",
    "pk": 351,
    "fields": {
        "title": "\u041a\u0430\u043b\u0430\u0447-\u043d\u0430-\u0414\u043e\u043d\u0443",
        "region": 1286
    }
},
{
    "model": "home.city",
    "pk": 352,
    "fields": {
        "title": "\u041a\u0430\u043c\u044b\u0448\u0438\u043d",
        "region": 1286
    }
},
{
    "model": "home.city",
    "pk": 353,
    "fields": {
        "title": "\u041a\u043e\u0442\u0435\u043b\u044c\u043d\u0438\u043a\u043e\u0432\u043e",
        "region": 1286
    }
},
{
    "model": "home.city",
    "pk": 354,
    "fields": {
        "title": "\u041a\u043e\u0442\u043e\u0432\u043e",
        "region": 1286
    }
},
{
    "model": "home.city",
    "pk": 355,
    "fields": {
        "title": "\u041a\u0440\u0430\u0441\u043d\u043e\u0441\u043b\u043e\u0431\u043e\u0434\u0441\u043a",
        "region": 1286
    }
},
{
    "model": "home.city",
    "pk": 356,
    "fields": {
        "title": "\u041b\u0435\u043d\u0438\u043d\u0441\u043a",
        "region": 1286
    }
},
{
    "model": "home.city",
    "pk": 357,
    "fields": {
        "title": "\u041c\u0438\u0445\u0430\u0439\u043b\u043e\u0432\u043a\u0430",
        "region": 1286
    }
},
{
    "model": "home.city",
    "pk": 358,
    "fields": {
        "title": "\u041d\u0438\u043a\u043e\u043b\u0430\u0435\u0432\u0441\u043a",
        "region": 1286
    }
},
{
    "model": "home.city",
    "pk": 359,
    "fields": {
        "title": "\u041d\u043e\u0432\u043e\u0430\u043d\u043d\u0438\u043d\u0441\u043a\u0438\u0439",
        "region": 1286
    }
},
{
    "model": "home.city",
    "pk": 360,
    "fields": {
        "title": "\u041f\u0430\u043b\u043b\u0430\u0441\u043e\u0432\u043a\u0430",
        "region": 1286
    }
},
{
    "model": "home.city",
    "pk": 361,
    "fields": {
        "title": "\u041f\u0435\u0442\u0440\u043e\u0432 \u0412\u0430\u043b",
        "region": 1286
    }
},
{
    "model": "home.city",
    "pk": 362,
    "fields": {
        "title": "\u0421\u0435\u0440\u0430\u0444\u0438\u043c\u043e\u0432\u0438\u0447",
        "region": 1286
    }
},
{
    "model": "home.city",
    "pk": 363,
    "fields": {
        "title": "\u0421\u0443\u0440\u043e\u0432\u0438\u043a\u0438\u043d\u043e",
        "region": 1286
    }
},
{
    "model": "home.city",
    "pk": 364,
    "fields": {
        "title": "\u0423\u0440\u044e\u043f\u0438\u043d\u0441\u043a",
        "region": 1286
    }
},
{
    "model": "home.city",
    "pk": 365,
    "fields": {
        "title": "\u0424\u0440\u043e\u043b\u043e\u0432\u043e",
        "region": 1286
    }
},
{
    "model": "home.city",
    "pk": 366,
    "fields": {
        "title": "\u0411\u0430\u0431\u0430\u0435\u0432\u043e",
        "region": 1287
    }
},
{
    "model": "home.city",
    "pk": 367,
    "fields": {
        "title": "\u0411\u0435\u043b\u043e\u0437\u0435\u0440\u0441\u043a",
        "region": 1287
    }
},
{
    "model": "home.city",
    "pk": 368,
    "fields": {
        "title": "\u0412\u0435\u043b\u0438\u043a\u0438\u0439 \u0423\u0441\u0442\u044e\u0433",
        "region": 1287
    }
},
{
    "model": "home.city",
    "pk": 369,
    "fields": {
        "title": "\u0412\u043e\u043b\u043e\u0433\u0434\u0430",
        "region": 1287
    }
},
{
    "model": "home.city",
    "pk": 370,
    "fields": {
        "title": "\u0412\u044b\u0442\u0435\u0433\u0440\u0430",
        "region": 1287
    }
},
{
    "model": "home.city",
    "pk": 371,
    "fields": {
        "title": "\u0413\u0440\u044f\u0437\u043e\u0432\u0435\u0446",
        "region": 1287
    }
},
{
    "model": "home.city",
    "pk": 372,
    "fields": {
        "title": "\u041a\u0430\u0434\u043d\u0438\u043a\u043e\u0432",
        "region": 1287
    }
},
{
    "model": "home.city",
    "pk": 373,
    "fields": {
        "title": "\u041a\u0438\u0440\u0438\u043b\u043b\u043e\u0432",
        "region": 1287
    }
},
{
    "model": "home.city",
    "pk": 374,
    "fields": {
        "title": "\u041a\u0440\u0430\u0441\u0430\u0432\u0438\u043d\u043e",
        "region": 1287
    }
},
{
    "model": "home.city",
    "pk": 375,
    "fields": {
        "title": "\u041d\u0438\u043a\u043e\u043b\u044c\u0441\u043a",
        "region": 1287
    }
},
{
    "model": "home.city",
    "pk": 376,
    "fields": {
        "title": "\u0421\u043e\u043a\u043e\u043b",
        "region": 1287
    }
},
{
    "model": "home.city",
    "pk": 377,
    "fields": {
        "title": "\u0422\u043e\u0442\u044c\u043c\u0430",
        "region": 1287
    }
},
{
    "model": "home.city",
    "pk": 378,
    "fields": {
        "title": "\u0423\u0441\u0442\u044e\u0436\u043d\u0430",
        "region": 1287
    }
},
{
    "model": "home.city",
    "pk": 379,
    "fields": {
        "title": "\u0425\u0430\u0440\u043e\u0432\u0441\u043a",
        "region": 1287
    }
},
{
    "model": "home.city",
    "pk": 380,
    "fields": {
        "title": "\u0427\u0435\u0440\u0435\u043f\u043e\u0432\u0435\u0446",
        "region": 1287
    }
},
{
    "model": "home.city",
    "pk": 381,
    "fields": {
        "title": "\u0411\u043e\u0431\u0440\u043e\u0432",
        "region": 1288
    }
},
{
    "model": "home.city",
    "pk": 382,
    "fields": {
        "title": "\u0411\u043e\u0433\u0443\u0447\u0430\u0440",
        "region": 1288
    }
},
{
    "model": "home.city",
    "pk": 383,
    "fields": {
        "title": "\u0411\u043e\u0440\u0438\u0441\u043e\u0433\u043b\u0435\u0431\u0441\u043a",
        "region": 1288
    }
},
{
    "model": "home.city",
    "pk": 384,
    "fields": {
        "title": "\u0411\u0443\u0442\u0443\u0440\u043b\u0438\u043d\u043e\u0432\u043a\u0430",
        "region": 1288
    }
},
{
    "model": "home.city",
    "pk": 385,
    "fields": {
        "title": "\u0412\u043e\u0440\u043e\u043d\u0435\u0436",
        "region": 1288
    }
},
{
    "model": "home.city",
    "pk": 386,
    "fields": {
        "title": "\u0412\u043e\u0440\u043e\u043d\u0435\u0436-45",
        "region": 1288
    }
},
{
    "model": "home.city",
    "pk": 387,
    "fields": {
        "title": "\u041a\u0430\u043b\u0430\u0447",
        "region": 1288
    }
},
{
    "model": "home.city",
    "pk": 388,
    "fields": {
        "title": "\u041b\u0438\u0441\u043a\u0438",
        "region": 1288
    }
},
{
    "model": "home.city",
    "pk": 389,
    "fields": {
        "title": "\u041d\u043e\u0432\u043e\u0432\u043e\u0440\u043e\u043d\u0435\u0436",
        "region": 1288
    }
},
{
    "model": "home.city",
    "pk": 390,
    "fields": {
        "title": "\u041d\u043e\u0432\u043e\u0445\u043e\u043f\u0435\u0440\u0441\u043a",
        "region": 1288
    }
},
{
    "model": "home.city",
    "pk": 391,
    "fields": {
        "title": "\u041e\u0441\u0442\u0440\u043e\u0433\u043e\u0436\u0441\u043a",
        "region": 1288
    }
},
{
    "model": "home.city",
    "pk": 392,
    "fields": {
        "title": "\u041f\u0430\u0432\u043b\u043e\u0432\u0441\u043a",
        "region": 1288
    }
},
{
    "model": "home.city",
    "pk": 393,
    "fields": {
        "title": "\u041f\u043e\u0432\u043e\u0440\u0438\u043d\u043e",
        "region": 1288
    }
},
{
    "model": "home.city",
    "pk": 394,
    "fields": {
        "title": "\u0420\u043e\u0441\u0441\u043e\u0448\u044c",
        "region": 1288
    }
},
{
    "model": "home.city",
    "pk": 395,
    "fields": {
        "title": "\u0421\u0435\u043c\u0438\u043b\u0443\u043a\u0438",
        "region": 1288
    }
},
{
    "model": "home.city",
    "pk": 396,
    "fields": {
        "title": "\u042d\u0440\u0442\u0438\u043b\u044c",
        "region": 1288
    }
},
{
    "model": "home.city",
    "pk": 397,
    "fields": {
        "title": "\u0412\u0438\u0447\u0443\u0433\u0430",
        "region": 1289
    }
},
{
    "model": "home.city",
    "pk": 398,
    "fields": {
        "title": "\u0413\u0430\u0432\u0440\u0438\u043b\u043e\u0432 \u041f\u043e\u0441\u0430\u0434",
        "region": 1289
    }
},
{
    "model": "home.city",
    "pk": 399,
    "fields": {
        "title": "\u0417\u0430\u0432\u043e\u043b\u0436\u0441\u043a",
        "region": 1289
    }
},
{
    "model": "home.city",
    "pk": 400,
    "fields": {
        "title": "\u0418\u0432\u0430\u043d\u043e\u0432\u043e",
        "region": 1289
    }
},
{
    "model": "home.city",
    "pk": 401,
    "fields": {
        "title": "\u041a\u0438\u043d\u0435\u0448\u043c\u0430",
        "region": 1289
    }
},
{
    "model": "home.city",
    "pk": 402,
    "fields": {
        "title": "\u041a\u043e\u043c\u0441\u043e\u043c\u043e\u043b\u044c\u0441\u043a",
        "region": 1289
    }
},
{
    "model": "home.city",
    "pk": 403,
    "fields": {
        "title": "\u041a\u043e\u0445\u043c\u0430",
        "region": 1289
    }
},
{
    "model": "home.city",
    "pk": 404,
    "fields": {
        "title": "\u041d\u0430\u0432\u043e\u043b\u043e\u043a\u0438",
        "region": 1289
    }
},
{
    "model": "home.city",
    "pk": 405,
    "fields": {
        "title": "\u041f\u043b\u0435\u0441",
        "region": 1289
    }
},
{
    "model": "home.city",
    "pk": 406,
    "fields": {
        "title": "\u041f\u0440\u0438\u0432\u043e\u043b\u0436\u0441\u043a",
        "region": 1289
    }
},
{
    "model": "home.city",
    "pk": 407,
    "fields": {
        "title": "\u041f\u0443\u0447\u0435\u0436",
        "region": 1289
    }
},
{
    "model": "home.city",
    "pk": 408,
    "fields": {
        "title": "\u0420\u043e\u0434\u043d\u0438\u043a\u0438",
        "region": 1289
    }
},
{
    "model": "home.city",
    "pk": 409,
    "fields": {
        "title": "\u0422\u0435\u0439\u043a\u043e\u0432\u043e",
        "region": 1289
    }
},
{
    "model": "home.city",
    "pk": 410,
    "fields": {
        "title": "\u0424\u0443\u0440\u043c\u0430\u043d\u043e\u0432",
        "region": 1289
    }
},
{
    "model": "home.city",
    "pk": 411,
    "fields": {
        "title": "\u0428\u0443\u044f",
        "region": 1289
    }
},
{
    "model": "home.city",
    "pk": 412,
    "fields": {
        "title": "\u042e\u0436\u0430",
        "region": 1289
    }
},
{
    "model": "home.city",
    "pk": 413,
    "fields": {
        "title": "\u042e\u0440\u044c\u0435\u0432\u0435\u0446",
        "region": 1289
    }
},
{
    "model": "home.city",
    "pk": 414,
    "fields": {
        "title": "\u0410\u043b\u0437\u0430\u043c\u0430\u0439",
        "region": 1290
    }
},
{
    "model": "home.city",
    "pk": 415,
    "fields": {
        "title": "\u0410\u043d\u0433\u0430\u0440\u0441\u043a",
        "region": 1290
    }
},
{
    "model": "home.city",
    "pk": 416,
    "fields": {
        "title": "\u0411\u0430\u0439\u043a\u0430\u043b\u044c\u0441\u043a",
        "region": 1290
    }
},
{
    "model": "home.city",
    "pk": 417,
    "fields": {
        "title": "\u0411\u0438\u0440\u044e\u0441\u0438\u043d\u0441\u043a",
        "region": 1290
    }
},
{
    "model": "home.city",
    "pk": 418,
    "fields": {
        "title": "\u0411\u043e\u0434\u0430\u0439\u0431\u043e",
        "region": 1290
    }
},
{
    "model": "home.city",
    "pk": 419,
    "fields": {
        "title": "\u0411\u0440\u0430\u0442\u0441\u043a",
        "region": 1290
    }
},
{
    "model": "home.city",
    "pk": 420,
    "fields": {
        "title": "\u0412\u0438\u0445\u043e\u0440\u0435\u0432\u043a\u0430",
        "region": 1290
    }
},
{
    "model": "home.city",
    "pk": 421,
    "fields": {
        "title": "\u0416\u0435\u043b\u0435\u0437\u043d\u043e\u0433\u043e\u0440\u0441\u043a-\u0418\u043b\u0438\u043c\u0441\u043a\u0438\u0439",
        "region": 1290
    }
},
{
    "model": "home.city",
    "pk": 422,
    "fields": {
        "title": "\u0417\u0438\u043c\u0430",
        "region": 1290
    }
},
{
    "model": "home.city",
    "pk": 423,
    "fields": {
        "title": "\u0418\u0440\u043a\u0443\u0442\u0441\u043a",
        "region": 1290
    }
},
{
    "model": "home.city",
    "pk": 424,
    "fields": {
        "title": "\u0418\u0440\u043a\u0443\u0442\u0441\u043a-45",
        "region": 1290
    }
},
{
    "model": "home.city",
    "pk": 425,
    "fields": {
        "title": "\u041a\u0438\u0440\u0435\u043d\u0441\u043a",
        "region": 1290
    }
},
{
    "model": "home.city",
    "pk": 426,
    "fields": {
        "title": "\u041d\u0438\u0436\u043d\u0435\u0443\u0434\u0438\u043d\u0441\u043a",
        "region": 1290
    }
},
{
    "model": "home.city",
    "pk": 427,
    "fields": {
        "title": "\u0421\u0430\u044f\u043d\u0441\u043a",
        "region": 1290
    }
},
{
    "model": "home.city",
    "pk": 428,
    "fields": {
        "title": "\u0421\u0432\u0438\u0440\u0441\u043a",
        "region": 1290
    }
},
{
    "model": "home.city",
    "pk": 429,
    "fields": {
        "title": "\u0421\u043b\u044e\u0434\u044f\u043d\u043a\u0430",
        "region": 1290
    }
},
{
    "model": "home.city",
    "pk": 430,
    "fields": {
        "title": "\u0422\u0430\u0439\u0448\u0435\u0442",
        "region": 1290
    }
},
{
    "model": "home.city",
    "pk": 431,
    "fields": {
        "title": "\u0422\u0443\u043b\u0443\u043d",
        "region": 1290
    }
},
{
    "model": "home.city",
    "pk": 432,
    "fields": {
        "title": "\u0423\u0441\u043e\u043b\u044c\u0435-\u0421\u0438\u0431\u0438\u0440\u0441\u043a\u043e\u0435",
        "region": 1290
    }
},
{
    "model": "home.city",
    "pk": 433,
    "fields": {
        "title": "\u0423\u0441\u0442\u044c-\u0418\u043b\u0438\u043c\u0441\u043a",
        "region": 1290
    }
},
{
    "model": "home.city",
    "pk": 434,
    "fields": {
        "title": "\u0423\u0441\u0442\u044c-\u041a\u0443\u0442",
        "region": 1290
    }
},
{
    "model": "home.city",
    "pk": 435,
    "fields": {
        "title": "\u0427\u0435\u0440\u0435\u043c\u0445\u043e\u0432\u043e",
        "region": 1290
    }
},
{
    "model": "home.city",
    "pk": 436,
    "fields": {
        "title": "\u0428\u0435\u043b\u0435\u0445\u043e\u0432",
        "region": 1290
    }
},
{
    "model": "home.city",
    "pk": 437,
    "fields": {
        "title": "\u0411\u0430\u0433\u0440\u0430\u0442\u0438\u043e\u043d\u043e\u0432\u0441\u043a",
        "region": 1291
    }
},
{
    "model": "home.city",
    "pk": 438,
    "fields": {
        "title": "\u0411\u0430\u043b\u0442\u0438\u0439\u0441\u043a",
        "region": 1291
    }
},
{
    "model": "home.city",
    "pk": 439,
    "fields": {
        "title": "\u0413\u0432\u0430\u0440\u0434\u0435\u0439\u0441\u043a",
        "region": 1291
    }
},
{
    "model": "home.city",
    "pk": 440,
    "fields": {
        "title": "\u0413\u0443\u0440\u044c\u0435\u0432\u0441\u043a",
        "region": 1291
    }
},
{
    "model": "home.city",
    "pk": 441,
    "fields": {
        "title": "\u0413\u0443\u0441\u0435\u0432",
        "region": 1291
    }
},
{
    "model": "home.city",
    "pk": 442,
    "fields": {
        "title": "\u0417\u0435\u043b\u0435\u043d\u043e\u0433\u0440\u0430\u0434\u0441\u043a",
        "region": 1291
    }
},
{
    "model": "home.city",
    "pk": 443,
    "fields": {
        "title": "\u041a\u0430\u043b\u0438\u043d\u0438\u043d\u0433\u0440\u0430\u0434",
        "region": 1291
    }
},
{
    "model": "home.city",
    "pk": 444,
    "fields": {
        "title": "\u041a\u0440\u0430\u0441\u043d\u043e\u0437\u043d\u0430\u043c\u0435\u043d\u0441\u043a",
        "region": 1291
    }
},
{
    "model": "home.city",
    "pk": 445,
    "fields": {
        "title": "\u041b\u0430\u0434\u0443\u0448\u043a\u0438\u043d",
        "region": 1291
    }
},
{
    "model": "home.city",
    "pk": 446,
    "fields": {
        "title": "\u041c\u0430\u043c\u043e\u043d\u043e\u0432\u043e",
        "region": 1291
    }
},
{
    "model": "home.city",
    "pk": 447,
    "fields": {
        "title": "\u041d\u0435\u043c\u0430\u043d",
        "region": 1291
    }
},
{
    "model": "home.city",
    "pk": 448,
    "fields": {
        "title": "\u041d\u0435\u0441\u0442\u0435\u0440\u043e\u0432",
        "region": 1291
    }
},
{
    "model": "home.city",
    "pk": 449,
    "fields": {
        "title": "\u041e\u0437\u0435\u0440\u0441\u043a",
        "region": 1291
    }
},
{
    "model": "home.city",
    "pk": 450,
    "fields": {
        "title": "\u041f\u0438\u043e\u043d\u0435\u0440\u0441\u043a\u0438\u0439",
        "region": 1291
    }
},
{
    "model": "home.city",
    "pk": 451,
    "fields": {
        "title": "\u041f\u043e\u043b\u0435\u0441\u0441\u043a",
        "region": 1291
    }
},
{
    "model": "home.city",
    "pk": 452,
    "fields": {
        "title": "\u041f\u0440\u0430\u0432\u0434\u0438\u043d\u0441\u043a",
        "region": 1291
    }
},
{
    "model": "home.city",
    "pk": 453,
    "fields": {
        "title": "\u041f\u0440\u0438\u043c\u043e\u0440\u0441\u043a",
        "region": 1291
    }
},
{
    "model": "home.city",
    "pk": 454,
    "fields": {
        "title": "\u0421\u0432\u0435\u0442\u043b\u043e\u0433\u043e\u0440\u0441\u043a",
        "region": 1291
    }
},
{
    "model": "home.city",
    "pk": 455,
    "fields": {
        "title": "\u0421\u0432\u0435\u0442\u043b\u044b\u0439",
        "region": 1291
    }
},
{
    "model": "home.city",
    "pk": 456,
    "fields": {
        "title": "\u0421\u043b\u0430\u0432\u0441\u043a",
        "region": 1291
    }
},
{
    "model": "home.city",
    "pk": 457,
    "fields": {
        "title": "\u0421\u043e\u0432\u0435\u0442\u0441\u043a",
        "region": 1291
    }
},
{
    "model": "home.city",
    "pk": 458,
    "fields": {
        "title": "\u0427\u0435\u0440\u043d\u044f\u0445\u043e\u0432\u0441\u043a",
        "region": 1291
    }
},
{
    "model": "home.city",
    "pk": 459,
    "fields": {
        "title": "\u0411\u0430\u043b\u0430\u0431\u0430\u043d\u043e\u0432\u043e",
        "region": 1292
    }
},
{
    "model": "home.city",
    "pk": 460,
    "fields": {
        "title": "\u0411\u0435\u043b\u043e\u0443\u0441\u043e\u0432\u043e",
        "region": 1292
    }
},
{
    "model": "home.city",
    "pk": 461,
    "fields": {
        "title": "\u0411\u043e\u0440\u043e\u0432\u0441\u043a",
        "region": 1292
    }
},
{
    "model": "home.city",
    "pk": 462,
    "fields": {
        "title": "\u0411\u043e\u0440\u043e\u0432\u0441\u043a-1",
        "region": 1292
    }
},
{
    "model": "home.city",
    "pk": 463,
    "fields": {
        "title": "\u0415\u0440\u043c\u043e\u043b\u0438\u043d\u043e",
        "region": 1292
    }
},
{
    "model": "home.city",
    "pk": 464,
    "fields": {
        "title": "\u0416\u0438\u0437\u0434\u0440\u0430",
        "region": 1292
    }
},
{
    "model": "home.city",
    "pk": 465,
    "fields": {
        "title": "\u0416\u0443\u043a\u043e\u0432",
        "region": 1292
    }
},
{
    "model": "home.city",
    "pk": 466,
    "fields": {
        "title": "\u041a\u0430\u043b\u0443\u0433\u0430",
        "region": 1292
    }
},
{
    "model": "home.city",
    "pk": 467,
    "fields": {
        "title": "\u041a\u0438\u0440\u043e\u0432",
        "region": 1292
    }
},
{
    "model": "home.city",
    "pk": 468,
    "fields": {
        "title": "\u041a\u043e\u0437\u0435\u043b\u044c\u0441\u043a",
        "region": 1292
    }
},
{
    "model": "home.city",
    "pk": 469,
    "fields": {
        "title": "\u041a\u043e\u043d\u0434\u0440\u043e\u0432\u043e",
        "region": 1292
    }
},
{
    "model": "home.city",
    "pk": 470,
    "fields": {
        "title": "\u041a\u0440\u0435\u043c\u0435\u043d\u043a\u0438",
        "region": 1292
    }
},
{
    "model": "home.city",
    "pk": 471,
    "fields": {
        "title": "\u041b\u044e\u0434\u0438\u043d\u043e\u0432\u043e",
        "region": 1292
    }
},
{
    "model": "home.city",
    "pk": 472,
    "fields": {
        "title": "\u041c\u0430\u043b\u043e\u044f\u0440\u043e\u0441\u043b\u0430\u0432\u0435\u0446",
        "region": 1292
    }
},
{
    "model": "home.city",
    "pk": 473,
    "fields": {
        "title": "\u041c\u0435\u0434\u044b\u043d\u044c",
        "region": 1292
    }
},
{
    "model": "home.city",
    "pk": 474,
    "fields": {
        "title": "\u041c\u0435\u0449\u043e\u0432\u0441\u043a",
        "region": 1292
    }
},
{
    "model": "home.city",
    "pk": 475,
    "fields": {
        "title": "\u041c\u043e\u0441\u0430\u043b\u044c\u0441\u043a",
        "region": 1292
    }
},
{
    "model": "home.city",
    "pk": 476,
    "fields": {
        "title": "\u041e\u0431\u043d\u0438\u043d\u0441\u043a",
        "region": 1292
    }
},
{
    "model": "home.city",
    "pk": 477,
    "fields": {
        "title": "\u0421\u043e\u0441\u0435\u043d\u0441\u043a\u0438\u0439",
        "region": 1292
    }
},
{
    "model": "home.city",
    "pk": 478,
    "fields": {
        "title": "\u0421\u043f\u0430\u0441-\u0414\u0435\u043c\u0435\u043d\u0441\u043a",
        "region": 1292
    }
},
{
    "model": "home.city",
    "pk": 479,
    "fields": {
        "title": "\u0421\u0443\u0445\u0438\u043d\u0438\u0447\u0438",
        "region": 1292
    }
},
{
    "model": "home.city",
    "pk": 480,
    "fields": {
        "title": "\u0422\u0430\u0440\u0443\u0441\u0430",
        "region": 1292
    }
},
{
    "model": "home.city",
    "pk": 481,
    "fields": {
        "title": "\u042e\u0445\u043d\u043e\u0432",
        "region": 1292
    }
},
{
    "model": "home.city",
    "pk": 482,
    "fields": {
        "title": "\u042e\u0445\u043d\u043e\u0432-1",
        "region": 1292
    }
},
{
    "model": "home.city",
    "pk": 483,
    "fields": {
        "title": "\u042e\u0445\u043d\u043e\u0432-2",
        "region": 1292
    }
},
{
    "model": "home.city",
    "pk": 484,
    "fields": {
        "title": "\u0412\u0438\u043b\u044e\u0447\u0438\u043d\u0441\u043a",
        "region": 1293
    }
},
{
    "model": "home.city",
    "pk": 485,
    "fields": {
        "title": "\u0415\u043b\u0438\u0437\u043e\u0432\u043e",
        "region": 1293
    }
},
{
    "model": "home.city",
    "pk": 486,
    "fields": {
        "title": "\u041f\u0435\u0442\u0440\u043e\u043f\u0430\u0432\u043b\u043e\u0432\u0441\u043a-\u041a\u0430\u043c\u0447\u0430\u0442\u0441\u043a\u0438\u0439",
        "region": 1293
    }
},
{
    "model": "home.city",
    "pk": 487,
    "fields": {
        "title": "\u0410\u043d\u0436\u0435\u0440\u043e-\u0421\u0443\u0434\u0436\u0435\u043d\u0441\u043a",
        "region": 1294
    }
},
{
    "model": "home.city",
    "pk": 488,
    "fields": {
        "title": "\u0411\u0435\u043b\u043e\u0432\u043e",
        "region": 1294
    }
},
{
    "model": "home.city",
    "pk": 489,
    "fields": {
        "title": "\u0411\u0435\u0440\u0435\u0437\u043e\u0432\u0441\u043a\u0438\u0439",
        "region": 1294
    }
},
{
    "model": "home.city",
    "pk": 490,
    "fields": {
        "title": "\u0413\u0443\u0440\u044c\u0435\u0432\u0441\u043a",
        "region": 1294
    }
},
{
    "model": "home.city",
    "pk": 491,
    "fields": {
        "title": "\u041a\u0430\u043b\u0442\u0430\u043d",
        "region": 1294
    }
},
{
    "model": "home.city",
    "pk": 492,
    "fields": {
        "title": "\u041a\u0435\u043c\u0435\u0440\u043e\u0432\u043e",
        "region": 1294
    }
},
{
    "model": "home.city",
    "pk": 493,
    "fields": {
        "title": "\u041a\u0438\u0441\u0435\u043b\u0435\u0432\u0441\u043a",
        "region": 1294
    }
},
{
    "model": "home.city",
    "pk": 494,
    "fields": {
        "title": "\u041b\u0435\u043d\u0438\u043d\u0441\u043a-\u041a\u0443\u0437\u043d\u0435\u0446\u043a\u0438\u0439",
        "region": 1294
    }
},
{
    "model": "home.city",
    "pk": 495,
    "fields": {
        "title": "\u041c\u0430\u0440\u0438\u0438\u043d\u0441\u043a",
        "region": 1294
    }
},
{
    "model": "home.city",
    "pk": 496,
    "fields": {
        "title": "\u041c\u0435\u0436\u0434\u0443\u0440\u0435\u0447\u0435\u043d\u0441\u043a",
        "region": 1294
    }
},
{
    "model": "home.city",
    "pk": 497,
    "fields": {
        "title": "\u041c\u044b\u0441\u043a\u0438",
        "region": 1294
    }
},
{
    "model": "home.city",
    "pk": 498,
    "fields": {
        "title": "\u041d\u043e\u0432\u043e\u043a\u0443\u0437\u043d\u0435\u0446\u043a",
        "region": 1294
    }
},
{
    "model": "home.city",
    "pk": 499,
    "fields": {
        "title": "\u041e\u0441\u0438\u043d\u043d\u0438\u043a\u0438",
        "region": 1294
    }
},
{
    "model": "home.city",
    "pk": 500,
    "fields": {
        "title": "\u041f\u043e\u043b\u044b\u0441\u0430\u0435\u0432\u043e",
        "region": 1294
    }
},
{
    "model": "home.city",
    "pk": 501,
    "fields": {
        "title": "\u041f\u0440\u043e\u043a\u043e\u043f\u044c\u0435\u0432\u0441\u043a",
        "region": 1294
    }
},
{
    "model": "home.city",
    "pk": 502,
    "fields": {
        "title": "\u0421\u0430\u043b\u0430\u0438\u0440",
        "region": 1294
    }
},
{
    "model": "home.city",
    "pk": 503,
    "fields": {
        "title": "\u0422\u0430\u0439\u0433\u0430",
        "region": 1294
    }
},
{
    "model": "home.city",
    "pk": 504,
    "fields": {
        "title": "\u0422\u0430\u0448\u0442\u0430\u0433\u043e\u043b",
        "region": 1294
    }
},
{
    "model": "home.city",
    "pk": 505,
    "fields": {
        "title": "\u0422\u043e\u043f\u043a\u0438",
        "region": 1294
    }
},
{
    "model": "home.city",
    "pk": 506,
    "fields": {
        "title": "\u042e\u0440\u0433\u0430",
        "region": 1294
    }
},
{
    "model": "home.city",
    "pk": 507,
    "fields": {
        "title": "\u0411\u0435\u043b\u0430\u044f \u0425\u043e\u043b\u0443\u043d\u0438\u0446\u0430",
        "region": 1295
    }
},
{
    "model": "home.city",
    "pk": 508,
    "fields": {
        "title": "\u0412\u044f\u0442\u0441\u043a\u0438\u0435 \u041f\u043e\u043b\u044f\u043d\u044b",
        "region": 1295
    }
},
{
    "model": "home.city",
    "pk": 509,
    "fields": {
        "title": "\u0417\u0443\u0435\u0432\u043a\u0430",
        "region": 1295
    }
},
{
    "model": "home.city",
    "pk": 510,
    "fields": {
        "title": "\u041a\u0438\u0440\u043e\u0432",
        "region": 1295
    }
},
{
    "model": "home.city",
    "pk": 511,
    "fields": {
        "title": "\u041a\u0438\u0440\u043e\u0432\u043e-\u0427\u0435\u043f\u0435\u0446\u043a",
        "region": 1295
    }
},
{
    "model": "home.city",
    "pk": 512,
    "fields": {
        "title": "\u041a\u0438\u0440\u0441",
        "region": 1295
    }
},
{
    "model": "home.city",
    "pk": 513,
    "fields": {
        "title": "\u041a\u043e\u0442\u0435\u043b\u044c\u043d\u0438\u0447",
        "region": 1295
    }
},
{
    "model": "home.city",
    "pk": 514,
    "fields": {
        "title": "\u041b\u0443\u0437\u0430",
        "region": 1295
    }
},
{
    "model": "home.city",
    "pk": 515,
    "fields": {
        "title": "\u041c\u0430\u043b\u043c\u044b\u0436",
        "region": 1295
    }
},
{
    "model": "home.city",
    "pk": 516,
    "fields": {
        "title": "\u041c\u0443\u0440\u0430\u0448\u0438",
        "region": 1295
    }
},
{
    "model": "home.city",
    "pk": 517,
    "fields": {
        "title": "\u041d\u043e\u043b\u0438\u043d\u0441\u043a",
        "region": 1295
    }
},
{
    "model": "home.city",
    "pk": 518,
    "fields": {
        "title": "\u041e\u043c\u0443\u0442\u043d\u0438\u043d\u0441\u043a",
        "region": 1295
    }
},
{
    "model": "home.city",
    "pk": 519,
    "fields": {
        "title": "\u041e\u0440\u043b\u043e\u0432",
        "region": 1295
    }
},
{
    "model": "home.city",
    "pk": 520,
    "fields": {
        "title": "\u0421\u043b\u043e\u0431\u043e\u0434\u0441\u043a\u043e\u0439",
        "region": 1295
    }
},
{
    "model": "home.city",
    "pk": 521,
    "fields": {
        "title": "\u0421\u043e\u0432\u0435\u0442\u0441\u043a",
        "region": 1295
    }
},
{
    "model": "home.city",
    "pk": 522,
    "fields": {
        "title": "\u0421\u043e\u0441\u043d\u043e\u0432\u043a\u0430",
        "region": 1295
    }
},
{
    "model": "home.city",
    "pk": 523,
    "fields": {
        "title": "\u0423\u0440\u0436\u0443\u043c",
        "region": 1295
    }
},
{
    "model": "home.city",
    "pk": 524,
    "fields": {
        "title": "\u042f\u0440\u0430\u043d\u0441\u043a",
        "region": 1295
    }
},
{
    "model": "home.city",
    "pk": 525,
    "fields": {
        "title": "\u0411\u0443\u0439",
        "region": 1296
    }
},
{
    "model": "home.city",
    "pk": 526,
    "fields": {
        "title": "\u0412\u043e\u043b\u0433\u043e\u0440\u0435\u0447\u0435\u043d\u0441\u043a",
        "region": 1296
    }
},
{
    "model": "home.city",
    "pk": 527,
    "fields": {
        "title": "\u0413\u0430\u043b\u0438\u0447",
        "region": 1296
    }
},
{
    "model": "home.city",
    "pk": 528,
    "fields": {
        "title": "\u041a\u043e\u043b\u043e\u0433\u0440\u0438\u0432",
        "region": 1296
    }
},
{
    "model": "home.city",
    "pk": 529,
    "fields": {
        "title": "\u041a\u043e\u0441\u0442\u0440\u043e\u043c\u0430",
        "region": 1296
    }
},
{
    "model": "home.city",
    "pk": 530,
    "fields": {
        "title": "\u041c\u0430\u043a\u0430\u0440\u044c\u0435\u0432",
        "region": 1296
    }
},
{
    "model": "home.city",
    "pk": 531,
    "fields": {
        "title": "\u041c\u0430\u043d\u0442\u0443\u0440\u043e\u0432\u043e",
        "region": 1296
    }
},
{
    "model": "home.city",
    "pk": 532,
    "fields": {
        "title": "\u041d\u0435\u0440\u0435\u0445\u0442\u0430",
        "region": 1296
    }
},
{
    "model": "home.city",
    "pk": 533,
    "fields": {
        "title": "\u041d\u0435\u044f",
        "region": 1296
    }
},
{
    "model": "home.city",
    "pk": 534,
    "fields": {
        "title": "\u0421\u043e\u043b\u0438\u0433\u0430\u043b\u0438\u0447",
        "region": 1296
    }
},
{
    "model": "home.city",
    "pk": 535,
    "fields": {
        "title": "\u0427\u0443\u0445\u043b\u043e\u043c\u0430",
        "region": 1296
    }
},
{
    "model": "home.city",
    "pk": 536,
    "fields": {
        "title": "\u0428\u0430\u0440\u044c\u044f",
        "region": 1296
    }
},
{
    "model": "home.city",
    "pk": 537,
    "fields": {
        "title": "\u0414\u0430\u043b\u043c\u0430\u0442\u043e\u0432\u043e",
        "region": 1297
    }
},
{
    "model": "home.city",
    "pk": 538,
    "fields": {
        "title": "\u041a\u0430\u0442\u0430\u0439\u0441\u043a",
        "region": 1297
    }
},
{
    "model": "home.city",
    "pk": 539,
    "fields": {
        "title": "\u041a\u0443\u0440\u0433\u0430\u043d",
        "region": 1297
    }
},
{
    "model": "home.city",
    "pk": 540,
    "fields": {
        "title": "\u041a\u0443\u0440\u0442\u0430\u043c\u044b\u0448",
        "region": 1297
    }
},
{
    "model": "home.city",
    "pk": 541,
    "fields": {
        "title": "\u041c\u0430\u043a\u0443\u0448\u0438\u043d\u043e",
        "region": 1297
    }
},
{
    "model": "home.city",
    "pk": 542,
    "fields": {
        "title": "\u041f\u0435\u0442\u0443\u0445\u043e\u0432\u043e",
        "region": 1297
    }
},
{
    "model": "home.city",
    "pk": 543,
    "fields": {
        "title": "\u0428\u0430\u0434\u0440\u0438\u043d\u0441\u043a",
        "region": 1297
    }
},
{
    "model": "home.city",
    "pk": 544,
    "fields": {
        "title": "\u0428\u0443\u043c\u0438\u0445\u0430",
        "region": 1297
    }
},
{
    "model": "home.city",
    "pk": 545,
    "fields": {
        "title": "\u0429\u0443\u0447\u044c\u0435",
        "region": 1297
    }
},
{
    "model": "home.city",
    "pk": 546,
    "fields": {
        "title": "\u0414\u043c\u0438\u0442\u0440\u0438\u0435\u0432",
        "region": 1298
    }
},
{
    "model": "home.city",
    "pk": 547,
    "fields": {
        "title": "\u0416\u0435\u043b\u0435\u0437\u043d\u043e\u0433\u043e\u0440\u0441\u043a",
        "region": 1298
    }
},
{
    "model": "home.city",
    "pk": 548,
    "fields": {
        "title": "\u041a\u0443\u0440\u0441\u043a",
        "region": 1298
    }
},
{
    "model": "home.city",
    "pk": 549,
    "fields": {
        "title": "\u041a\u0443\u0440\u0447\u0430\u0442\u043e\u0432",
        "region": 1298
    }
},
{
    "model": "home.city",
    "pk": 550,
    "fields": {
        "title": "\u041b\u044c\u0433\u043e\u0432",
        "region": 1298
    }
},
{
    "model": "home.city",
    "pk": 551,
    "fields": {
        "title": "\u041e\u0431\u043e\u044f\u043d\u044c",
        "region": 1298
    }
},
{
    "model": "home.city",
    "pk": 552,
    "fields": {
        "title": "\u0420\u044b\u043b\u044c\u0441\u043a",
        "region": 1298
    }
},
{
    "model": "home.city",
    "pk": 553,
    "fields": {
        "title": "\u0421\u0443\u0434\u0436\u0430",
        "region": 1298
    }
},
{
    "model": "home.city",
    "pk": 554,
    "fields": {
        "title": "\u0424\u0430\u0442\u0435\u0436",
        "region": 1298
    }
},
{
    "model": "home.city",
    "pk": 555,
    "fields": {
        "title": "\u0429\u0438\u0433\u0440\u044b",
        "region": 1298
    }
},
{
    "model": "home.city",
    "pk": 556,
    "fields": {
        "title": "\u0411\u043e\u043a\u0441\u0438\u0442\u043e\u0433\u043e\u0440\u0441\u043a",
        "region": 1299
    }
},
{
    "model": "home.city",
    "pk": 557,
    "fields": {
        "title": "\u0412\u043e\u043b\u043e\u0441\u043e\u0432\u043e",
        "region": 1299
    }
},
{
    "model": "home.city",
    "pk": 558,
    "fields": {
        "title": "\u0412\u043e\u043b\u0445\u043e\u0432",
        "region": 1299
    }
},
{
    "model": "home.city",
    "pk": 559,
    "fields": {
        "title": "\u0412\u0441\u0435\u0432\u043e\u043b\u043e\u0436\u0441\u043a",
        "region": 1299
    }
},
{
    "model": "home.city",
    "pk": 560,
    "fields": {
        "title": "\u0412\u044b\u0431\u043e\u0440\u0433",
        "region": 1299
    }
},
{
    "model": "home.city",
    "pk": 561,
    "fields": {
        "title": "\u0412\u044b\u0441\u043e\u0446\u043a",
        "region": 1299
    }
},
{
    "model": "home.city",
    "pk": 562,
    "fields": {
        "title": "\u0413\u0430\u0442\u0447\u0438\u043d\u0430",
        "region": 1299
    }
},
{
    "model": "home.city",
    "pk": 563,
    "fields": {
        "title": "\u0418\u0432\u0430\u043d\u0433\u043e\u0440\u043e\u0434",
        "region": 1299
    }
},
{
    "model": "home.city",
    "pk": 564,
    "fields": {
        "title": "\u041a\u0430\u043c\u0435\u043d\u043d\u043e\u0433\u043e\u0440\u0441\u043a",
        "region": 1299
    }
},
{
    "model": "home.city",
    "pk": 565,
    "fields": {
        "title": "\u041a\u0438\u043d\u0433\u0438\u0441\u0435\u043f\u043f",
        "region": 1299
    }
},
{
    "model": "home.city",
    "pk": 566,
    "fields": {
        "title": "\u041a\u0438\u0440\u0438\u0448\u0438",
        "region": 1299
    }
},
{
    "model": "home.city",
    "pk": 567,
    "fields": {
        "title": "\u041a\u0438\u0440\u043e\u0432\u0441\u043a",
        "region": 1299
    }
},
{
    "model": "home.city",
    "pk": 568,
    "fields": {
        "title": "\u041a\u043e\u043c\u043c\u0443\u043d\u0430\u0440",
        "region": 1299
    }
},
{
    "model": "home.city",
    "pk": 569,
    "fields": {
        "title": "\u041b\u043e\u0434\u0435\u0439\u043d\u043e\u0435 \u041f\u043e\u043b\u0435",
        "region": 1299
    }
},
{
    "model": "home.city",
    "pk": 570,
    "fields": {
        "title": "\u041b\u0443\u0433\u0430",
        "region": 1299
    }
},
{
    "model": "home.city",
    "pk": 571,
    "fields": {
        "title": "\u041b\u044e\u0431\u0430\u043d\u044c",
        "region": 1299
    }
},
{
    "model": "home.city",
    "pk": 572,
    "fields": {
        "title": "\u041d\u0438\u043a\u043e\u043b\u044c\u0441\u043a\u043e\u0435",
        "region": 1299
    }
},
{
    "model": "home.city",
    "pk": 573,
    "fields": {
        "title": "\u041d\u043e\u0432\u0430\u044f \u041b\u0430\u0434\u043e\u0433\u0430",
        "region": 1299
    }
},
{
    "model": "home.city",
    "pk": 574,
    "fields": {
        "title": "\u041e\u0442\u0440\u0430\u0434\u043d\u043e\u0435",
        "region": 1299
    }
},
{
    "model": "home.city",
    "pk": 575,
    "fields": {
        "title": "\u041f\u0438\u043a\u0430\u043b\u0435\u0432\u043e",
        "region": 1299
    }
},
{
    "model": "home.city",
    "pk": 576,
    "fields": {
        "title": "\u041f\u043e\u0434\u043f\u043e\u0440\u043e\u0436\u044c\u0435",
        "region": 1299
    }
},
{
    "model": "home.city",
    "pk": 577,
    "fields": {
        "title": "\u041f\u0440\u0438\u043c\u043e\u0440\u0441\u043a",
        "region": 1299
    }
},
{
    "model": "home.city",
    "pk": 578,
    "fields": {
        "title": "\u041f\u0440\u0438\u043e\u0437\u0435\u0440\u0441\u043a",
        "region": 1299
    }
},
{
    "model": "home.city",
    "pk": 579,
    "fields": {
        "title": "\u0421\u0432\u0435\u0442\u043e\u0433\u043e\u0440\u0441\u043a",
        "region": 1299
    }
},
{
    "model": "home.city",
    "pk": 580,
    "fields": {
        "title": "\u0421\u0435\u0440\u0442\u043e\u043b\u043e\u0432\u043e",
        "region": 1299
    }
},
{
    "model": "home.city",
    "pk": 581,
    "fields": {
        "title": "\u0421\u043b\u0430\u043d\u0446\u044b",
        "region": 1299
    }
},
{
    "model": "home.city",
    "pk": 582,
    "fields": {
        "title": "\u0421\u043e\u0441\u043d\u043e\u0432\u044b\u0439 \u0411\u043e\u0440",
        "region": 1299
    }
},
{
    "model": "home.city",
    "pk": 583,
    "fields": {
        "title": "\u0421\u044f\u0441\u044c\u0441\u0442\u0440\u043e\u0439",
        "region": 1299
    }
},
{
    "model": "home.city",
    "pk": 584,
    "fields": {
        "title": "\u0422\u0438\u0445\u0432\u0438\u043d",
        "region": 1299
    }
},
{
    "model": "home.city",
    "pk": 585,
    "fields": {
        "title": "\u0422\u043e\u0441\u043d\u043e",
        "region": 1299
    }
},
{
    "model": "home.city",
    "pk": 586,
    "fields": {
        "title": "\u0428\u043b\u0438\u0441\u0441\u0435\u043b\u044c\u0431\u0443\u0440\u0433",
        "region": 1299
    }
},
{
    "model": "home.city",
    "pk": 587,
    "fields": {
        "title": "\u0413\u0440\u044f\u0437\u0438",
        "region": 1300
    }
},
{
    "model": "home.city",
    "pk": 588,
    "fields": {
        "title": "\u0414\u0430\u043d\u043a\u043e\u0432",
        "region": 1300
    }
},
{
    "model": "home.city",
    "pk": 589,
    "fields": {
        "title": "\u0415\u043b\u0435\u0446",
        "region": 1300
    }
},
{
    "model": "home.city",
    "pk": 590,
    "fields": {
        "title": "\u0417\u0430\u0434\u043e\u043d\u0441\u043a",
        "region": 1300
    }
},
{
    "model": "home.city",
    "pk": 591,
    "fields": {
        "title": "\u041b\u0435\u0431\u0435\u0434\u044f\u043d\u044c",
        "region": 1300
    }
},
{
    "model": "home.city",
    "pk": 592,
    "fields": {
        "title": "\u041b\u0438\u043f\u0435\u0446\u043a",
        "region": 1300
    }
},
{
    "model": "home.city",
    "pk": 593,
    "fields": {
        "title": "\u0423\u0441\u043c\u0430\u043d\u044c",
        "region": 1300
    }
},
{
    "model": "home.city",
    "pk": 594,
    "fields": {
        "title": "\u0427\u0430\u043f\u043b\u044b\u0433\u0438\u043d",
        "region": 1300
    }
},
{
    "model": "home.city",
    "pk": 595,
    "fields": {
        "title": "\u041c\u0430\u0433\u0430\u0434\u0430\u043d",
        "region": 1301
    }
},
{
    "model": "home.city",
    "pk": 596,
    "fields": {
        "title": "\u0421\u0443\u0441\u0443\u043c\u0430\u043d",
        "region": 1301
    }
},
{
    "model": "home.city",
    "pk": 597,
    "fields": {
        "title": "\u0410\u043f\u0440\u0435\u043b\u0435\u0432\u043a\u0430",
        "region": 2
    }
},
{
    "model": "home.city",
    "pk": 598,
    "fields": {
        "title": "\u0411\u0430\u043b\u0430\u0448\u0438\u0445\u0430",
        "region": 2
    }
},
{
    "model": "home.city",
    "pk": 599,
    "fields": {
        "title": "\u0411\u0440\u043e\u043d\u043d\u0438\u0446\u044b",
        "region": 2
    }
},
{
    "model": "home.city",
    "pk": 600,
    "fields": {
        "title": "\u0412\u0435\u0440\u0435\u044f",
        "region": 2
    }
},
{
    "model": "home.city",
    "pk": 601,
    "fields": {
        "title": "\u0412\u0438\u0434\u043d\u043e\u0435",
        "region": 2
    }
},
{
    "model": "home.city",
    "pk": 602,
    "fields": {
        "title": "\u0412\u043e\u043b\u043e\u043a\u043e\u043b\u0430\u043c\u0441\u043a",
        "region": 2
    }
},
{
    "model": "home.city",
    "pk": 603,
    "fields": {
        "title": "\u0412\u043e\u0441\u043a\u0440\u0435\u0441\u0435\u043d\u0441\u043a",
        "region": 2
    }
},
{
    "model": "home.city",
    "pk": 604,
    "fields": {
        "title": "\u0412\u044b\u0441\u043e\u043a\u043e\u0432\u0441\u043a",
        "region": 2
    }
},
{
    "model": "home.city",
    "pk": 605,
    "fields": {
        "title": "\u0413\u043e\u043b\u0438\u0446\u044b\u043d\u043e",
        "region": 2
    }
},
{
    "model": "home.city",
    "pk": 606,
    "fields": {
        "title": "\u0413\u043e\u0440\u043e\u0434\u0441\u043a\u043e\u0439 \u043e\u043a\u0440\u0443\u0433 \u0427\u0435\u0440\u043d\u043e\u0433\u043e\u043b\u043e\u0432\u043a\u0430",
        "region": 2
    }
},
{
    "model": "home.city",
    "pk": 607,
    "fields": {
        "title": "\u0414\u0435\u0434\u043e\u0432\u0441\u043a",
        "region": 2
    }
},
{
    "model": "home.city",
    "pk": 608,
    "fields": {
        "title": "\u0414\u0437\u0435\u0440\u0436\u0438\u043d\u0441\u043a\u0438\u0439",
        "region": 2
    }
},
{
    "model": "home.city",
    "pk": 609,
    "fields": {
        "title": "\u0414\u043c\u0438\u0442\u0440\u043e\u0432",
        "region": 2
    }
},
{
    "model": "home.city",
    "pk": 610,
    "fields": {
        "title": "\u0414\u043e\u043b\u0433\u043e\u043f\u0440\u0443\u0434\u043d\u044b\u0439",
        "region": 2
    }
},
{
    "model": "home.city",
    "pk": 611,
    "fields": {
        "title": "\u0414\u043e\u043c\u043e\u0434\u0435\u0434\u043e\u0432\u043e",
        "region": 2
    }
},
{
    "model": "home.city",
    "pk": 612,
    "fields": {
        "title": "\u0414\u0440\u0435\u0437\u043d\u0430",
        "region": 2
    }
},
{
    "model": "home.city",
    "pk": 613,
    "fields": {
        "title": "\u0414\u0443\u0431\u043d\u0430",
        "region": 2
    }
},
{
    "model": "home.city",
    "pk": 614,
    "fields": {
        "title": "\u0415\u0433\u043e\u0440\u044c\u0435\u0432\u0441\u043a",
        "region": 2
    }
},
{
    "model": "home.city",
    "pk": 615,
    "fields": {
        "title": "\u0416\u0435\u043b\u0435\u0437\u043d\u043e\u0434\u043e\u0440\u043e\u0436\u043d\u044b\u0439",
        "region": 2
    }
},
{
    "model": "home.city",
    "pk": 616,
    "fields": {
        "title": "\u0416\u0443\u043a\u043e\u0432\u0441\u043a\u0438\u0439",
        "region": 2
    }
},
{
    "model": "home.city",
    "pk": 617,
    "fields": {
        "title": "\u0417\u0430\u0440\u0430\u0439\u0441\u043a",
        "region": 2
    }
},
{
    "model": "home.city",
    "pk": 618,
    "fields": {
        "title": "\u0417\u0432\u0435\u043d\u0438\u0433\u043e\u0440\u043e\u0434",
        "region": 2
    }
},
{
    "model": "home.city",
    "pk": 619,
    "fields": {
        "title": "\u0418\u0432\u0430\u043d\u0442\u0435\u0435\u0432\u043a\u0430",
        "region": 2
    }
},
{
    "model": "home.city",
    "pk": 620,
    "fields": {
        "title": "\u0418\u0441\u0442\u0440\u0430",
        "region": 2
    }
},
{
    "model": "home.city",
    "pk": 621,
    "fields": {
        "title": "\u0418\u0441\u0442\u0440\u0430-1",
        "region": 2
    }
},
{
    "model": "home.city",
    "pk": 622,
    "fields": {
        "title": "\u041a\u0430\u0448\u0438\u0440\u0430",
        "region": 2
    }
},
{
    "model": "home.city",
    "pk": 623,
    "fields": {
        "title": "\u041a\u0430\u0448\u0438\u0440\u0430-8",
        "region": 2
    }
},
{
    "model": "home.city",
    "pk": 624,
    "fields": {
        "title": "\u041a\u043b\u0438\u043c\u043e\u0432\u0441\u043a",
        "region": 2
    }
},
{
    "model": "home.city",
    "pk": 625,
    "fields": {
        "title": "\u041a\u043b\u0438\u043d",
        "region": 2
    }
},
{
    "model": "home.city",
    "pk": 626,
    "fields": {
        "title": "\u041a\u043e\u043b\u043e\u043c\u043d\u0430",
        "region": 2
    }
},
{
    "model": "home.city",
    "pk": 627,
    "fields": {
        "title": "\u041a\u043e\u0440\u043e\u043b\u0435\u0432",
        "region": 2
    }
},
{
    "model": "home.city",
    "pk": 628,
    "fields": {
        "title": "\u041a\u043e\u0442\u0435\u043b\u044c\u043d\u0438\u043a\u0438",
        "region": 2
    }
},
{
    "model": "home.city",
    "pk": 629,
    "fields": {
        "title": "\u041a\u0440\u0430\u0441\u043d\u043e\u0430\u0440\u043c\u0435\u0439\u0441\u043a",
        "region": 2
    }
},
{
    "model": "home.city",
    "pk": 630,
    "fields": {
        "title": "\u041a\u0440\u0430\u0441\u043d\u043e\u0433\u043e\u0440\u0441\u043a",
        "region": 2
    }
},
{
    "model": "home.city",
    "pk": 631,
    "fields": {
        "title": "\u041a\u0440\u0430\u0441\u043d\u043e\u0437\u0430\u0432\u043e\u0434\u0441\u043a",
        "region": 2
    }
},
{
    "model": "home.city",
    "pk": 632,
    "fields": {
        "title": "\u041a\u0440\u0430\u0441\u043d\u043e\u0437\u043d\u0430\u043c\u0435\u043d\u0441\u043a",
        "region": 2
    }
},
{
    "model": "home.city",
    "pk": 633,
    "fields": {
        "title": "\u041a\u0443\u0431\u0438\u043d\u043a\u0430",
        "region": 2
    }
},
{
    "model": "home.city",
    "pk": 634,
    "fields": {
        "title": "\u041a\u0443\u0440\u043e\u0432\u0441\u043a\u043e\u0435",
        "region": 2
    }
},
{
    "model": "home.city",
    "pk": 635,
    "fields": {
        "title": "\u041b\u0438\u043a\u0438\u043d\u043e-\u0414\u0443\u043b\u0435\u0432\u043e",
        "region": 2
    }
},
{
    "model": "home.city",
    "pk": 636,
    "fields": {
        "title": "\u041b\u043e\u0431\u043d\u044f",
        "region": 2
    }
},
{
    "model": "home.city",
    "pk": 637,
    "fields": {
        "title": "\u041b\u043e\u0441\u0438\u043d\u043e-\u041f\u0435\u0442\u0440\u043e\u0432\u0441\u043a\u0438\u0439",
        "region": 2
    }
},
{
    "model": "home.city",
    "pk": 638,
    "fields": {
        "title": "\u041b\u0443\u0445\u043e\u0432\u0438\u0446\u044b",
        "region": 2
    }
},
{
    "model": "home.city",
    "pk": 639,
    "fields": {
        "title": "\u041b\u044b\u0442\u043a\u0430\u0440\u0438\u043d\u043e",
        "region": 2
    }
},
{
    "model": "home.city",
    "pk": 640,
    "fields": {
        "title": "\u041b\u044e\u0431\u0435\u0440\u0446\u044b",
        "region": 2
    }
},
{
    "model": "home.city",
    "pk": 641,
    "fields": {
        "title": "\u041c\u043e\u0436\u0430\u0439\u0441\u043a",
        "region": 2
    }
},
{
    "model": "home.city",
    "pk": 642,
    "fields": {
        "title": "\u041c\u044b\u0442\u0438\u0449\u0438",
        "region": 2
    }
},
{
    "model": "home.city",
    "pk": 643,
    "fields": {
        "title": "\u041d\u0430\u0440\u043e-\u0424\u043e\u043c\u0438\u043d\u0441\u043a",
        "region": 2
    }
},
{
    "model": "home.city",
    "pk": 644,
    "fields": {
        "title": "\u041d\u043e\u0433\u0438\u043d\u0441\u043a",
        "region": 2
    }
},
{
    "model": "home.city",
    "pk": 645,
    "fields": {
        "title": "\u041e\u0434\u0438\u043d\u0446\u043e\u0432\u043e",
        "region": 2
    }
},
{
    "model": "home.city",
    "pk": 646,
    "fields": {
        "title": "\u041e\u0436\u0435\u0440\u0435\u043b\u044c\u0435",
        "region": 2
    }
},
{
    "model": "home.city",
    "pk": 647,
    "fields": {
        "title": "\u041e\u0437\u0435\u0440\u044b",
        "region": 2
    }
},
{
    "model": "home.city",
    "pk": 648,
    "fields": {
        "title": "\u041e\u0440\u0435\u0445\u043e\u0432\u043e-\u0417\u0443\u0435\u0432\u043e",
        "region": 2
    }
},
{
    "model": "home.city",
    "pk": 649,
    "fields": {
        "title": "\u041f\u0430\u0432\u043b\u043e\u0432\u0441\u043a\u0438\u0439 \u041f\u043e\u0441\u0430\u0434",
        "region": 2
    }
},
{
    "model": "home.city",
    "pk": 650,
    "fields": {
        "title": "\u041f\u0435\u0440\u0435\u0441\u0432\u0435\u0442",
        "region": 2
    }
},
{
    "model": "home.city",
    "pk": 651,
    "fields": {
        "title": "\u041f\u043e\u0434\u043e\u043b\u044c\u0441\u043a",
        "region": 2
    }
},
{
    "model": "home.city",
    "pk": 652,
    "fields": {
        "title": "\u041f\u0440\u043e\u0442\u0432\u0438\u043d\u043e",
        "region": 2
    }
},
{
    "model": "home.city",
    "pk": 653,
    "fields": {
        "title": "\u041f\u0443\u0448\u043a\u0438\u043d\u043e",
        "region": 2
    }
},
{
    "model": "home.city",
    "pk": 654,
    "fields": {
        "title": "\u041f\u0443\u0449\u0438\u043d\u043e",
        "region": 2
    }
},
{
    "model": "home.city",
    "pk": 655,
    "fields": {
        "title": "\u0420\u0430\u043c\u0435\u043d\u0441\u043a\u043e\u0435",
        "region": 2
    }
},
{
    "model": "home.city",
    "pk": 656,
    "fields": {
        "title": "\u0420\u0435\u0443\u0442\u043e\u0432",
        "region": 2
    }
},
{
    "model": "home.city",
    "pk": 657,
    "fields": {
        "title": "\u0420\u043e\u0448\u0430\u043b\u044c",
        "region": 2
    }
},
{
    "model": "home.city",
    "pk": 658,
    "fields": {
        "title": "\u0420\u0443\u0437\u0430",
        "region": 2
    }
},
{
    "model": "home.city",
    "pk": 659,
    "fields": {
        "title": "\u0421\u0435\u0440\u0433\u0438\u0435\u0432 \u041f\u043e\u0441\u0430\u0434",
        "region": 2
    }
},
{
    "model": "home.city",
    "pk": 660,
    "fields": {
        "title": "\u0421\u0435\u0440\u0433\u0438\u0435\u0432 \u041f\u043e\u0441\u0430\u0434-7",
        "region": 2
    }
},
{
    "model": "home.city",
    "pk": 661,
    "fields": {
        "title": "\u0421\u0435\u0440\u043f\u0443\u0445\u043e\u0432",
        "region": 2
    }
},
{
    "model": "home.city",
    "pk": 662,
    "fields": {
        "title": "\u0421\u043d\u0435\u0433\u0438\u0440\u0438",
        "region": 2
    }
},
{
    "model": "home.city",
    "pk": 663,
    "fields": {
        "title": "\u0421\u043e\u043b\u043d\u0435\u0447\u043d\u043e\u0433\u043e\u0440\u0441\u043a",
        "region": 2
    }
},
{
    "model": "home.city",
    "pk": 664,
    "fields": {
        "title": "\u0421\u043e\u043b\u043d\u0435\u0447\u043d\u043e\u0433\u043e\u0440\u0441\u043a-2",
        "region": 2
    }
},
{
    "model": "home.city",
    "pk": 665,
    "fields": {
        "title": "\u0421\u043e\u043b\u043d\u0435\u0447\u043d\u043e\u0433\u043e\u0440\u0441\u043a-25",
        "region": 2
    }
},
{
    "model": "home.city",
    "pk": 666,
    "fields": {
        "title": "\u0421\u043e\u043b\u043d\u0435\u0447\u043d\u043e\u0433\u043e\u0440\u0441\u043a-30",
        "region": 2
    }
},
{
    "model": "home.city",
    "pk": 667,
    "fields": {
        "title": "\u0421\u043e\u043b\u043d\u0435\u0447\u043d\u043e\u0433\u043e\u0440\u0441\u043a-7",
        "region": 2
    }
},
{
    "model": "home.city",
    "pk": 668,
    "fields": {
        "title": "\u0421\u0442\u0430\u0440\u0430\u044f \u041a\u0443\u043f\u0430\u0432\u043d\u0430",
        "region": 2
    }
},
{
    "model": "home.city",
    "pk": 669,
    "fields": {
        "title": "\u0421\u0442\u0443\u043f\u0438\u043d\u043e",
        "region": 2
    }
},
{
    "model": "home.city",
    "pk": 670,
    "fields": {
        "title": "\u0422\u0430\u043b\u0434\u043e\u043c",
        "region": 2
    }
},
{
    "model": "home.city",
    "pk": 671,
    "fields": {
        "title": "\u0424\u0440\u044f\u0437\u0438\u043d\u043e",
        "region": 2
    }
},
{
    "model": "home.city",
    "pk": 672,
    "fields": {
        "title": "\u0425\u043e\u0442\u044c\u043a\u043e\u0432\u043e",
        "region": 2
    }
},
{
    "model": "home.city",
    "pk": 673,
    "fields": {
        "title": "\u0427\u0435\u0440\u043d\u043e\u0433\u043e\u043b\u043e\u0432\u043a\u0430",
        "region": 2
    }
},
{
    "model": "home.city",
    "pk": 674,
    "fields": {
        "title": "\u0427\u0435\u0445\u043e\u0432",
        "region": 2
    }
},
{
    "model": "home.city",
    "pk": 675,
    "fields": {
        "title": "\u0427\u0435\u0445\u043e\u0432-2",
        "region": 2
    }
},
{
    "model": "home.city",
    "pk": 676,
    "fields": {
        "title": "\u0427\u0435\u0445\u043e\u0432-3",
        "region": 2
    }
},
{
    "model": "home.city",
    "pk": 677,
    "fields": {
        "title": "\u0427\u0435\u0445\u043e\u0432-8",
        "region": 2
    }
},
{
    "model": "home.city",
    "pk": 678,
    "fields": {
        "title": "\u0428\u0430\u0442\u0443\u0440\u0430",
        "region": 2
    }
},
{
    "model": "home.city",
    "pk": 679,
    "fields": {
        "title": "\u0429\u0435\u043b\u043a\u043e\u0432\u043e",
        "region": 2
    }
},
{
    "model": "home.city",
    "pk": 680,
    "fields": {
        "title": "\u042d\u043b\u0435\u043a\u0442\u0440\u043e\u0433\u043e\u0440\u0441\u043a",
        "region": 2
    }
},
{
    "model": "home.city",
    "pk": 681,
    "fields": {
        "title": "\u042d\u043b\u0435\u043a\u0442\u0440\u043e\u0441\u0442\u0430\u043b\u044c",
        "region": 2
    }
},
{
    "model": "home.city",
    "pk": 682,
    "fields": {
        "title": "\u042d\u043b\u0435\u043a\u0442\u0440\u043e\u0443\u0433\u043b\u0438",
        "region": 2
    }
},
{
    "model": "home.city",
    "pk": 683,
    "fields": {
        "title": "\u042e\u0431\u0438\u043b\u0435\u0439\u043d\u044b\u0439",
        "region": 2
    }
},
{
    "model": "home.city",
    "pk": 684,
    "fields": {
        "title": "\u042f\u0445\u0440\u043e\u043c\u0430",
        "region": 2
    }
},
{
    "model": "home.city",
    "pk": 685,
    "fields": {
        "title": "\u0410\u043f\u0430\u0442\u0438\u0442\u044b",
        "region": 1302
    }
},
{
    "model": "home.city",
    "pk": 686,
    "fields": {
        "title": "\u0413\u0430\u0434\u0436\u0438\u0435\u0432\u043e",
        "region": 1302
    }
},
{
    "model": "home.city",
    "pk": 687,
    "fields": {
        "title": "\u0417\u0430\u043e\u0437\u0435\u0440\u0441\u043a",
        "region": 1302
    }
},
{
    "model": "home.city",
    "pk": 688,
    "fields": {
        "title": "\u0417\u0430\u043f\u043e\u043b\u044f\u0440\u043d\u044b\u0439",
        "region": 1302
    }
},
{
    "model": "home.city",
    "pk": 689,
    "fields": {
        "title": "\u041a\u0430\u043d\u0434\u0430\u043b\u0430\u043a\u0448\u0430",
        "region": 1302
    }
},
{
    "model": "home.city",
    "pk": 690,
    "fields": {
        "title": "\u041a\u0438\u0440\u043e\u0432\u0441\u043a",
        "region": 1302
    }
},
{
    "model": "home.city",
    "pk": 691,
    "fields": {
        "title": "\u041a\u043e\u0432\u0434\u043e\u0440",
        "region": 1302
    }
},
{
    "model": "home.city",
    "pk": 692,
    "fields": {
        "title": "\u041a\u043e\u043b\u0430",
        "region": 1302
    }
},
{
    "model": "home.city",
    "pk": 693,
    "fields": {
        "title": "\u041c\u043e\u043d\u0447\u0435\u0433\u043e\u0440\u0441\u043a",
        "region": 1302
    }
},
{
    "model": "home.city",
    "pk": 694,
    "fields": {
        "title": "\u041c\u0443\u0440\u043c\u0430\u043d\u0441\u043a",
        "region": 1302
    }
},
{
    "model": "home.city",
    "pk": 695,
    "fields": {
        "title": "\u041e\u043b\u0435\u043d\u0435\u0433\u043e\u0440\u0441\u043a",
        "region": 1302
    }
},
{
    "model": "home.city",
    "pk": 696,
    "fields": {
        "title": "\u041e\u043b\u0435\u043d\u0435\u0433\u043e\u0440\u0441\u043a-1",
        "region": 1302
    }
},
{
    "model": "home.city",
    "pk": 697,
    "fields": {
        "title": "\u041e\u043b\u0435\u043d\u0435\u0433\u043e\u0440\u0441\u043a-2",
        "region": 1302
    }
},
{
    "model": "home.city",
    "pk": 698,
    "fields": {
        "title": "\u041e\u043b\u0435\u043d\u0435\u0433\u043e\u0440\u0441\u043a-4",
        "region": 1302
    }
},
{
    "model": "home.city",
    "pk": 699,
    "fields": {
        "title": "\u041e\u0441\u0442\u0440\u043e\u0432\u043d\u043e\u0439",
        "region": 1302
    }
},
{
    "model": "home.city",
    "pk": 700,
    "fields": {
        "title": "\u041f\u043e\u043b\u044f\u0440\u043d\u044b\u0435 \u0417\u043e\u0440\u0438",
        "region": 1302
    }
},
{
    "model": "home.city",
    "pk": 701,
    "fields": {
        "title": "\u041f\u043e\u043b\u044f\u0440\u043d\u044b\u0439",
        "region": 1302
    }
},
{
    "model": "home.city",
    "pk": 702,
    "fields": {
        "title": "\u0421\u0435\u0432\u0435\u0440\u043e\u043c\u043e\u0440\u0441\u043a",
        "region": 1302
    }
},
{
    "model": "home.city",
    "pk": 703,
    "fields": {
        "title": "\u0421\u043d\u0435\u0436\u043d\u043e\u0433\u043e\u0440\u0441\u043a",
        "region": 1302
    }
},
{
    "model": "home.city",
    "pk": 704,
    "fields": {
        "title": "\u0410\u0440\u0437\u0430\u043c\u0430\u0441",
        "region": 1303
    }
},
{
    "model": "home.city",
    "pk": 705,
    "fields": {
        "title": "\u0411\u0430\u043b\u0430\u0445\u043d\u0430",
        "region": 1303
    }
},
{
    "model": "home.city",
    "pk": 706,
    "fields": {
        "title": "\u0411\u043e\u0433\u043e\u0440\u043e\u0434\u0441\u043a",
        "region": 1303
    }
},
{
    "model": "home.city",
    "pk": 707,
    "fields": {
        "title": "\u0411\u043e\u0440",
        "region": 1303
    }
},
{
    "model": "home.city",
    "pk": 708,
    "fields": {
        "title": "\u0412\u0435\u0442\u043b\u0443\u0433\u0430",
        "region": 1303
    }
},
{
    "model": "home.city",
    "pk": 709,
    "fields": {
        "title": "\u0412\u043e\u043b\u043e\u0434\u0430\u0440\u0441\u043a",
        "region": 1303
    }
},
{
    "model": "home.city",
    "pk": 710,
    "fields": {
        "title": "\u0412\u043e\u0440\u0441\u043c\u0430",
        "region": 1303
    }
},
{
    "model": "home.city",
    "pk": 711,
    "fields": {
        "title": "\u0412\u044b\u043a\u0441\u0430",
        "region": 1303
    }
},
{
    "model": "home.city",
    "pk": 712,
    "fields": {
        "title": "\u0413\u043e\u0440\u0431\u0430\u0442\u043e\u0432",
        "region": 1303
    }
},
{
    "model": "home.city",
    "pk": 713,
    "fields": {
        "title": "\u0413\u043e\u0440\u043e\u0434\u0435\u0446",
        "region": 1303
    }
},
{
    "model": "home.city",
    "pk": 714,
    "fields": {
        "title": "\u0414\u0437\u0435\u0440\u0436\u0438\u043d\u0441\u043a",
        "region": 1303
    }
},
{
    "model": "home.city",
    "pk": 715,
    "fields": {
        "title": "\u0417\u0430\u0432\u043e\u043b\u0436\u044c\u0435",
        "region": 1303
    }
},
{
    "model": "home.city",
    "pk": 716,
    "fields": {
        "title": "\u041a\u043d\u044f\u0433\u0438\u043d\u0438\u043d\u043e",
        "region": 1303
    }
},
{
    "model": "home.city",
    "pk": 717,
    "fields": {
        "title": "\u041a\u0441\u0442\u043e\u0432\u043e",
        "region": 1303
    }
},
{
    "model": "home.city",
    "pk": 718,
    "fields": {
        "title": "\u041a\u0443\u043b\u0435\u0431\u0430\u043a\u0438",
        "region": 1303
    }
},
{
    "model": "home.city",
    "pk": 719,
    "fields": {
        "title": "\u041b\u0443\u043a\u043e\u044f\u043d\u043e\u0432",
        "region": 1303
    }
},
{
    "model": "home.city",
    "pk": 720,
    "fields": {
        "title": "\u041b\u044b\u0441\u043a\u043e\u0432\u043e",
        "region": 1303
    }
},
{
    "model": "home.city",
    "pk": 721,
    "fields": {
        "title": "\u041d\u0430\u0432\u0430\u0448\u0438\u043d\u043e",
        "region": 1303
    }
},
{
    "model": "home.city",
    "pk": 722,
    "fields": {
        "title": "\u041d\u0438\u0436\u043d\u0438\u0439 \u041d\u043e\u0432\u0433\u043e\u0440\u043e\u0434",
        "region": 1303
    }
},
{
    "model": "home.city",
    "pk": 723,
    "fields": {
        "title": "\u041f\u0430\u0432\u043b\u043e\u0432\u043e",
        "region": 1303
    }
},
{
    "model": "home.city",
    "pk": 724,
    "fields": {
        "title": "\u041f\u0435\u0440\u0432\u043e\u043c\u0430\u0439\u0441\u043a",
        "region": 1303
    }
},
{
    "model": "home.city",
    "pk": 725,
    "fields": {
        "title": "\u041f\u0435\u0440\u0435\u0432\u043e\u0437",
        "region": 1303
    }
},
{
    "model": "home.city",
    "pk": 726,
    "fields": {
        "title": "\u0421\u0430\u0440\u043e\u0432",
        "region": 1303
    }
},
{
    "model": "home.city",
    "pk": 727,
    "fields": {
        "title": "\u0421\u0435\u043c\u0435\u043d\u043e\u0432",
        "region": 1303
    }
},
{
    "model": "home.city",
    "pk": 728,
    "fields": {
        "title": "\u0421\u0435\u0440\u0433\u0430\u0447",
        "region": 1303
    }
},
{
    "model": "home.city",
    "pk": 729,
    "fields": {
        "title": "\u0423\u0440\u0435\u043d\u044c",
        "region": 1303
    }
},
{
    "model": "home.city",
    "pk": 730,
    "fields": {
        "title": "\u0427\u043a\u0430\u043b\u043e\u0432\u0441\u043a",
        "region": 1303
    }
},
{
    "model": "home.city",
    "pk": 731,
    "fields": {
        "title": "\u0428\u0430\u0445\u0443\u043d\u044c\u044f",
        "region": 1303
    }
},
{
    "model": "home.city",
    "pk": 732,
    "fields": {
        "title": "\u0411\u043e\u0440\u043e\u0432\u0438\u0447\u0438",
        "region": 1304
    }
},
{
    "model": "home.city",
    "pk": 733,
    "fields": {
        "title": "\u0412\u0430\u043b\u0434\u0430\u0439",
        "region": 1304
    }
},
{
    "model": "home.city",
    "pk": 734,
    "fields": {
        "title": "\u0412\u0435\u043b\u0438\u043a\u0438\u0439 \u041d\u043e\u0432\u0433\u043e\u0440\u043e\u0434",
        "region": 1304
    }
},
{
    "model": "home.city",
    "pk": 735,
    "fields": {
        "title": "\u041c\u0430\u043b\u0430\u044f \u0412\u0438\u0448\u0435\u0440\u0430",
        "region": 1304
    }
},
{
    "model": "home.city",
    "pk": 736,
    "fields": {
        "title": "\u041e\u043a\u0443\u043b\u043e\u0432\u043a\u0430",
        "region": 1304
    }
},
{
    "model": "home.city",
    "pk": 737,
    "fields": {
        "title": "\u041f\u0435\u0441\u0442\u043e\u0432\u043e",
        "region": 1304
    }
},
{
    "model": "home.city",
    "pk": 738,
    "fields": {
        "title": "\u0421\u043e\u043b\u044c\u0446\u044b",
        "region": 1304
    }
},
{
    "model": "home.city",
    "pk": 739,
    "fields": {
        "title": "\u0421\u043e\u043b\u044c\u0446\u044b 2",
        "region": 1304
    }
},
{
    "model": "home.city",
    "pk": 740,
    "fields": {
        "title": "\u0421\u0442\u0430\u0440\u0430\u044f \u0420\u0443\u0441\u0441\u0430",
        "region": 1304
    }
},
{
    "model": "home.city",
    "pk": 741,
    "fields": {
        "title": "\u0425\u043e\u043b\u043c",
        "region": 1304
    }
},
{
    "model": "home.city",
    "pk": 742,
    "fields": {
        "title": "\u0427\u0443\u0434\u043e\u0432\u043e",
        "region": 1304
    }
},
{
    "model": "home.city",
    "pk": 743,
    "fields": {
        "title": "\u0411\u0430\u0440\u0430\u0431\u0438\u043d\u0441\u043a",
        "region": 1305
    }
},
{
    "model": "home.city",
    "pk": 744,
    "fields": {
        "title": "\u0411\u0435\u0440\u0434\u0441\u043a",
        "region": 1305
    }
},
{
    "model": "home.city",
    "pk": 745,
    "fields": {
        "title": "\u0411\u043e\u043b\u043e\u0442\u043d\u043e\u0435",
        "region": 1305
    }
},
{
    "model": "home.city",
    "pk": 746,
    "fields": {
        "title": "\u0418\u0441\u043a\u0438\u0442\u0438\u043c",
        "region": 1305
    }
},
{
    "model": "home.city",
    "pk": 747,
    "fields": {
        "title": "\u041a\u0430\u0440\u0430\u0441\u0443\u043a",
        "region": 1305
    }
},
{
    "model": "home.city",
    "pk": 748,
    "fields": {
        "title": "\u041a\u0430\u0440\u0433\u0430\u0442",
        "region": 1305
    }
},
{
    "model": "home.city",
    "pk": 749,
    "fields": {
        "title": "\u041a\u0443\u0439\u0431\u044b\u0448\u0435\u0432",
        "region": 1305
    }
},
{
    "model": "home.city",
    "pk": 750,
    "fields": {
        "title": "\u041a\u0443\u043f\u0438\u043d\u043e",
        "region": 1305
    }
},
{
    "model": "home.city",
    "pk": 751,
    "fields": {
        "title": "\u041d\u043e\u0432\u043e\u0441\u0438\u0431\u0438\u0440\u0441\u043a",
        "region": 1305
    }
},
{
    "model": "home.city",
    "pk": 752,
    "fields": {
        "title": "\u041e\u0431\u044c",
        "region": 1305
    }
},
{
    "model": "home.city",
    "pk": 753,
    "fields": {
        "title": "\u0422\u0430\u0442\u0430\u0440\u0441\u043a",
        "region": 1305
    }
},
{
    "model": "home.city",
    "pk": 754,
    "fields": {
        "title": "\u0422\u043e\u0433\u0443\u0447\u0438\u043d",
        "region": 1305
    }
},
{
    "model": "home.city",
    "pk": 755,
    "fields": {
        "title": "\u0427\u0435\u0440\u0435\u043f\u0430\u043d\u043e\u0432\u043e",
        "region": 1305
    }
},
{
    "model": "home.city",
    "pk": 756,
    "fields": {
        "title": "\u0427\u0443\u043b\u044b\u043c",
        "region": 1305
    }
},
{
    "model": "home.city",
    "pk": 757,
    "fields": {
        "title": "\u0427\u0443\u043b\u044b\u043c-3",
        "region": 1305
    }
},
{
    "model": "home.city",
    "pk": 758,
    "fields": {
        "title": "\u0418\u0441\u0438\u043b\u044c\u043a\u0443\u043b\u044c",
        "region": 1306
    }
},
{
    "model": "home.city",
    "pk": 759,
    "fields": {
        "title": "\u041a\u0430\u043b\u0430\u0447\u0438\u043d\u0441\u043a",
        "region": 1306
    }
},
{
    "model": "home.city",
    "pk": 760,
    "fields": {
        "title": "\u041d\u0430\u0437\u044b\u0432\u0430\u0435\u0432\u0441\u043a",
        "region": 1306
    }
},
{
    "model": "home.city",
    "pk": 761,
    "fields": {
        "title": "\u041e\u043c\u0441\u043a",
        "region": 1306
    }
},
{
    "model": "home.city",
    "pk": 762,
    "fields": {
        "title": "\u0422\u0430\u0440\u0430",
        "region": 1306
    }
},
{
    "model": "home.city",
    "pk": 763,
    "fields": {
        "title": "\u0422\u044e\u043a\u0430\u043b\u0438\u043d\u0441\u043a",
        "region": 1306
    }
},
{
    "model": "home.city",
    "pk": 764,
    "fields": {
        "title": "\u0410\u0431\u0434\u0443\u043b\u0438\u043d\u043e",
        "region": 1307
    }
},
{
    "model": "home.city",
    "pk": 765,
    "fields": {
        "title": "\u0411\u0443\u0433\u0443\u0440\u0443\u0441\u043b\u0430\u043d",
        "region": 1307
    }
},
{
    "model": "home.city",
    "pk": 766,
    "fields": {
        "title": "\u0411\u0443\u0437\u0443\u043b\u0443\u043a",
        "region": 1307
    }
},
{
    "model": "home.city",
    "pk": 767,
    "fields": {
        "title": "\u0413\u0430\u0439",
        "region": 1307
    }
},
{
    "model": "home.city",
    "pk": 768,
    "fields": {
        "title": "\u041a\u0443\u0432\u0430\u043d\u0434\u044b\u043a",
        "region": 1307
    }
},
{
    "model": "home.city",
    "pk": 769,
    "fields": {
        "title": "\u041c\u0435\u0434\u043d\u043e\u0433\u043e\u0440\u0441\u043a",
        "region": 1307
    }
},
{
    "model": "home.city",
    "pk": 770,
    "fields": {
        "title": "\u041d\u043e\u0432\u043e\u0442\u0440\u043e\u0438\u0446\u043a",
        "region": 1307
    }
},
{
    "model": "home.city",
    "pk": 771,
    "fields": {
        "title": "\u041e\u0440\u0435\u043d\u0431\u0443\u0440\u0433",
        "region": 1307
    }
},
{
    "model": "home.city",
    "pk": 772,
    "fields": {
        "title": "\u041e\u0440\u0441\u043a",
        "region": 1307
    }
},
{
    "model": "home.city",
    "pk": 773,
    "fields": {
        "title": "\u0421\u043e\u043b\u044c-\u0418\u043b\u0435\u0446\u043a",
        "region": 1307
    }
},
{
    "model": "home.city",
    "pk": 774,
    "fields": {
        "title": "\u0421\u043e\u0440\u043e\u0447\u0438\u043d\u0441\u043a",
        "region": 1307
    }
},
{
    "model": "home.city",
    "pk": 775,
    "fields": {
        "title": "\u042f\u0441\u043d\u044b\u0439",
        "region": 1307
    }
},
{
    "model": "home.city",
    "pk": 776,
    "fields": {
        "title": "\u0411\u043e\u043b\u0445\u043e\u0432",
        "region": 1308
    }
},
{
    "model": "home.city",
    "pk": 777,
    "fields": {
        "title": "\u0414\u043c\u0438\u0442\u0440\u043e\u0432\u0441\u043a",
        "region": 1308
    }
},
{
    "model": "home.city",
    "pk": 778,
    "fields": {
        "title": "\u041b\u0438\u0432\u043d\u044b",
        "region": 1308
    }
},
{
    "model": "home.city",
    "pk": 779,
    "fields": {
        "title": "\u041c\u0430\u043b\u043e\u0430\u0440\u0445\u0430\u043d\u0433\u0435\u043b\u044c\u0441\u043a",
        "region": 1308
    }
},
{
    "model": "home.city",
    "pk": 780,
    "fields": {
        "title": "\u041c\u0446\u0435\u043d\u0441\u043a",
        "region": 1308
    }
},
{
    "model": "home.city",
    "pk": 781,
    "fields": {
        "title": "\u041d\u043e\u0432\u043e\u0441\u0438\u043b\u044c",
        "region": 1308
    }
},
{
    "model": "home.city",
    "pk": 782,
    "fields": {
        "title": "\u041e\u0440\u0451\u043b",
        "region": 1308
    }
},
{
    "model": "home.city",
    "pk": 783,
    "fields": {
        "title": "\u0411\u0435\u043b\u0438\u043d\u0441\u043a\u0438\u0439",
        "region": 1309
    }
},
{
    "model": "home.city",
    "pk": 784,
    "fields": {
        "title": "\u0413\u043e\u0440\u043e\u0434\u0438\u0449\u0435",
        "region": 1309
    }
},
{
    "model": "home.city",
    "pk": 785,
    "fields": {
        "title": "\u0417\u0430\u0440\u0435\u0447\u043d\u044b\u0439",
        "region": 1309
    }
},
{
    "model": "home.city",
    "pk": 786,
    "fields": {
        "title": "\u041a\u0430\u043c\u0435\u043d\u043a\u0430",
        "region": 1309
    }
},
{
    "model": "home.city",
    "pk": 787,
    "fields": {
        "title": "\u041a\u0443\u0437\u043d\u0435\u0446\u043a",
        "region": 1309
    }
},
{
    "model": "home.city",
    "pk": 788,
    "fields": {
        "title": "\u041a\u0443\u0437\u043d\u0435\u0446\u043a-12",
        "region": 1309
    }
},
{
    "model": "home.city",
    "pk": 789,
    "fields": {
        "title": "\u041a\u0443\u0437\u043d\u0435\u0446\u043a-8",
        "region": 1309
    }
},
{
    "model": "home.city",
    "pk": 790,
    "fields": {
        "title": "\u041d\u0438\u0436\u043d\u0438\u0439 \u041b\u043e\u043c\u043e\u0432",
        "region": 1309
    }
},
{
    "model": "home.city",
    "pk": 791,
    "fields": {
        "title": "\u041d\u0438\u043a\u043e\u043b\u044c\u0441\u043a",
        "region": 1309
    }
},
{
    "model": "home.city",
    "pk": 792,
    "fields": {
        "title": "\u041f\u0435\u043d\u0437\u0430",
        "region": 1309
    }
},
{
    "model": "home.city",
    "pk": 793,
    "fields": {
        "title": "\u0421\u0435\u0440\u0434\u043e\u0431\u0441\u043a",
        "region": 1309
    }
},
{
    "model": "home.city",
    "pk": 794,
    "fields": {
        "title": "\u0421\u043f\u0430\u0441\u0441\u043a",
        "region": 1309
    }
},
{
    "model": "home.city",
    "pk": 795,
    "fields": {
        "title": "\u0421\u0443\u0440\u0441\u043a",
        "region": 1309
    }
},
{
    "model": "home.city",
    "pk": 796,
    "fields": {
        "title": "\u0410\u043b\u0435\u043a\u0441\u0430\u043d\u0434\u0440\u043e\u0432\u0441\u043a",
        "region": 1310
    }
},
{
    "model": "home.city",
    "pk": 797,
    "fields": {
        "title": "\u0411\u0435\u0440\u0435\u0437\u043d\u0438\u043a\u0438",
        "region": 1310
    }
},
{
    "model": "home.city",
    "pk": 798,
    "fields": {
        "title": "\u0412\u0435\u0440\u0435\u0449\u0430\u0433\u0438\u043d\u043e",
        "region": 1310
    }
},
{
    "model": "home.city",
    "pk": 799,
    "fields": {
        "title": "\u0413\u043e\u0440\u043d\u043e\u0437\u0430\u0432\u043e\u0434\u0441\u043a",
        "region": 1310
    }
},
{
    "model": "home.city",
    "pk": 800,
    "fields": {
        "title": "\u0413\u0440\u0435\u043c\u044f\u0447\u0438\u043d\u0441\u043a",
        "region": 1310
    }
},
{
    "model": "home.city",
    "pk": 801,
    "fields": {
        "title": "\u0413\u0443\u0431\u0430\u0445\u0430",
        "region": 1310
    }
},
{
    "model": "home.city",
    "pk": 802,
    "fields": {
        "title": "\u0414\u043e\u0431\u0440\u044f\u043d\u043a\u0430",
        "region": 1310
    }
},
{
    "model": "home.city",
    "pk": 803,
    "fields": {
        "title": "\u041a\u0438\u0437\u0435\u043b",
        "region": 1310
    }
},
{
    "model": "home.city",
    "pk": 804,
    "fields": {
        "title": "\u041a\u0440\u0430\u0441\u043d\u043e\u0432\u0438\u0448\u0435\u0440\u0441\u043a",
        "region": 1310
    }
},
{
    "model": "home.city",
    "pk": 805,
    "fields": {
        "title": "\u041a\u0440\u0430\u0441\u043d\u043e\u043a\u0430\u043c\u0441\u043a",
        "region": 1310
    }
},
{
    "model": "home.city",
    "pk": 806,
    "fields": {
        "title": "\u041a\u0443\u0434\u044b\u043c\u043a\u0430\u0440",
        "region": 1310
    }
},
{
    "model": "home.city",
    "pk": 807,
    "fields": {
        "title": "\u041a\u0443\u043d\u0433\u0443\u0440",
        "region": 1310
    }
},
{
    "model": "home.city",
    "pk": 808,
    "fields": {
        "title": "\u041b\u044b\u0441\u044c\u0432\u0430",
        "region": 1310
    }
},
{
    "model": "home.city",
    "pk": 809,
    "fields": {
        "title": "\u041d\u044b\u0442\u0432\u0430",
        "region": 1310
    }
},
{
    "model": "home.city",
    "pk": 810,
    "fields": {
        "title": "\u041e\u0441\u0430",
        "region": 1310
    }
},
{
    "model": "home.city",
    "pk": 811,
    "fields": {
        "title": "\u041e\u0445\u0430\u043d\u0441\u043a",
        "region": 1310
    }
},
{
    "model": "home.city",
    "pk": 812,
    "fields": {
        "title": "\u041e\u0447\u0435\u0440",
        "region": 1310
    }
},
{
    "model": "home.city",
    "pk": 813,
    "fields": {
        "title": "\u041f\u0435\u0440\u043c\u044c",
        "region": 1310
    }
},
{
    "model": "home.city",
    "pk": 814,
    "fields": {
        "title": "\u0421\u043e\u043b\u0438\u043a\u0430\u043c\u0441\u043a",
        "region": 1310
    }
},
{
    "model": "home.city",
    "pk": 815,
    "fields": {
        "title": "\u0423\u0441\u043e\u043b\u044c\u0435",
        "region": 1310
    }
},
{
    "model": "home.city",
    "pk": 816,
    "fields": {
        "title": "\u0427\u0430\u0439\u043a\u043e\u0432\u0441\u043a\u0438\u0439",
        "region": 1310
    }
},
{
    "model": "home.city",
    "pk": 817,
    "fields": {
        "title": "\u0427\u0435\u0440\u0434\u044b\u043d\u044c",
        "region": 1310
    }
},
{
    "model": "home.city",
    "pk": 818,
    "fields": {
        "title": "\u0427\u0435\u0440\u043c\u043e\u0437",
        "region": 1310
    }
},
{
    "model": "home.city",
    "pk": 819,
    "fields": {
        "title": "\u0427\u0435\u0440\u043d\u0443\u0448\u043a\u0430",
        "region": 1310
    }
},
{
    "model": "home.city",
    "pk": 820,
    "fields": {
        "title": "\u0427\u0443\u0441\u043e\u0432\u043e\u0439",
        "region": 1310
    }
},
{
    "model": "home.city",
    "pk": 821,
    "fields": {
        "title": "\u0412\u0435\u043b\u0438\u043a\u0438\u0435 \u041b\u0443\u043a\u0438",
        "region": 1311
    }
},
{
    "model": "home.city",
    "pk": 822,
    "fields": {
        "title": "\u0412\u0435\u043b\u0438\u043a\u0438\u0435 \u041b\u0443\u043a\u0438-1",
        "region": 1311
    }
},
{
    "model": "home.city",
    "pk": 823,
    "fields": {
        "title": "\u0413\u0434\u043e\u0432",
        "region": 1311
    }
},
{
    "model": "home.city",
    "pk": 824,
    "fields": {
        "title": "\u0414\u043d\u043e",
        "region": 1311
    }
},
{
    "model": "home.city",
    "pk": 825,
    "fields": {
        "title": "\u041d\u0435\u0432\u0435\u043b\u044c",
        "region": 1311
    }
},
{
    "model": "home.city",
    "pk": 826,
    "fields": {
        "title": "\u041d\u043e\u0432\u043e\u0440\u0436\u0435\u0432",
        "region": 1311
    }
},
{
    "model": "home.city",
    "pk": 827,
    "fields": {
        "title": "\u041d\u043e\u0432\u043e\u0441\u043e\u043a\u043e\u043b\u044c\u043d\u0438\u043a\u0438",
        "region": 1311
    }
},
{
    "model": "home.city",
    "pk": 828,
    "fields": {
        "title": "\u041e\u043f\u043e\u0447\u043a\u0430",
        "region": 1311
    }
},
{
    "model": "home.city",
    "pk": 829,
    "fields": {
        "title": "\u041e\u0441\u0442\u0440\u043e\u0432",
        "region": 1311
    }
},
{
    "model": "home.city",
    "pk": 830,
    "fields": {
        "title": "\u041f\u0435\u0447\u043e\u0440\u044b",
        "region": 1311
    }
},
{
    "model": "home.city",
    "pk": 831,
    "fields": {
        "title": "\u041f\u043e\u0440\u0445\u043e\u0432",
        "region": 1311
    }
},
{
    "model": "home.city",
    "pk": 832,
    "fields": {
        "title": "\u041f\u0441\u043a\u043e\u0432",
        "region": 1311
    }
},
{
    "model": "home.city",
    "pk": 833,
    "fields": {
        "title": "\u041f\u0443\u0441\u0442\u043e\u0448\u043a\u0430",
        "region": 1311
    }
},
{
    "model": "home.city",
    "pk": 834,
    "fields": {
        "title": "\u041f\u044b\u0442\u0430\u043b\u043e\u0432\u043e",
        "region": 1311
    }
},
{
    "model": "home.city",
    "pk": 835,
    "fields": {
        "title": "\u0421\u0435\u0431\u0435\u0436",
        "region": 1311
    }
},
{
    "model": "home.city",
    "pk": 836,
    "fields": {
        "title": "\u0410\u0437\u043e\u0432",
        "region": 1312
    }
},
{
    "model": "home.city",
    "pk": 837,
    "fields": {
        "title": "\u0410\u043a\u0441\u0430\u0439",
        "region": 1312
    }
},
{
    "model": "home.city",
    "pk": 838,
    "fields": {
        "title": "\u0411\u0430\u0442\u0430\u0439\u0441\u043a",
        "region": 1312
    }
},
{
    "model": "home.city",
    "pk": 839,
    "fields": {
        "title": "\u0411\u0435\u043b\u0430\u044f \u041a\u0430\u043b\u0438\u0442\u0432\u0430",
        "region": 1312
    }
},
{
    "model": "home.city",
    "pk": 840,
    "fields": {
        "title": "\u0412\u043e\u043b\u0433\u043e\u0434\u043e\u043d\u0441\u043a",
        "region": 1312
    }
},
{
    "model": "home.city",
    "pk": 841,
    "fields": {
        "title": "\u0413\u0443\u043a\u043e\u0432\u043e",
        "region": 1312
    }
},
{
    "model": "home.city",
    "pk": 842,
    "fields": {
        "title": "\u0414\u043e\u043d\u0435\u0446\u043a",
        "region": 1312
    }
},
{
    "model": "home.city",
    "pk": 843,
    "fields": {
        "title": "\u0417\u0432\u0435\u0440\u0435\u0432\u043e",
        "region": 1312
    }
},
{
    "model": "home.city",
    "pk": 844,
    "fields": {
        "title": "\u0417\u0435\u0440\u043d\u043e\u0433\u0440\u0430\u0434",
        "region": 1312
    }
},
{
    "model": "home.city",
    "pk": 845,
    "fields": {
        "title": "\u041a\u0430\u043c\u0435\u043d\u0441\u043a-\u0428\u0430\u0445\u0442\u0438\u043d\u0441\u043a\u0438\u0439",
        "region": 1312
    }
},
{
    "model": "home.city",
    "pk": 846,
    "fields": {
        "title": "\u041a\u043e\u043d\u0441\u0442\u0430\u043d\u0442\u0438\u043d\u043e\u0432\u0441\u043a",
        "region": 1312
    }
},
{
    "model": "home.city",
    "pk": 847,
    "fields": {
        "title": "\u041a\u0440\u0430\u0441\u043d\u044b\u0439 \u0421\u0443\u043b\u0438\u043d",
        "region": 1312
    }
},
{
    "model": "home.city",
    "pk": 848,
    "fields": {
        "title": "\u041c\u0438\u043b\u043b\u0435\u0440\u043e\u0432\u043e",
        "region": 1312
    }
},
{
    "model": "home.city",
    "pk": 849,
    "fields": {
        "title": "\u041c\u043e\u0440\u043e\u0437\u043e\u0432\u0441\u043a",
        "region": 1312
    }
},
{
    "model": "home.city",
    "pk": 850,
    "fields": {
        "title": "\u041d\u043e\u0432\u043e\u0447\u0435\u0440\u043a\u0430\u0441\u0441\u043a",
        "region": 1312
    }
},
{
    "model": "home.city",
    "pk": 851,
    "fields": {
        "title": "\u041d\u043e\u0432\u043e\u0448\u0430\u0445\u0442\u0438\u043d\u0441\u043a",
        "region": 1312
    }
},
{
    "model": "home.city",
    "pk": 852,
    "fields": {
        "title": "\u041f\u0440\u043e\u043b\u0435\u0442\u0430\u0440\u0441\u043a",
        "region": 1312
    }
},
{
    "model": "home.city",
    "pk": 853,
    "fields": {
        "title": "\u0420\u043e\u0441\u0442\u043e\u0432-\u043d\u0430-\u0414\u043e\u043d\u0443",
        "region": 1312
    }
},
{
    "model": "home.city",
    "pk": 854,
    "fields": {
        "title": "\u0421\u0430\u043b\u044c\u0441\u043a",
        "region": 1312
    }
},
{
    "model": "home.city",
    "pk": 855,
    "fields": {
        "title": "\u0421\u0435\u043c\u0438\u043a\u0430\u0440\u0430\u043a\u043e\u0440\u0441\u043a",
        "region": 1312
    }
},
{
    "model": "home.city",
    "pk": 856,
    "fields": {
        "title": "\u0422\u0430\u0433\u0430\u043d\u0440\u043e\u0433",
        "region": 1312
    }
},
{
    "model": "home.city",
    "pk": 857,
    "fields": {
        "title": "\u0426\u0438\u043c\u043b\u044f\u043d\u0441\u043a",
        "region": 1312
    }
},
{
    "model": "home.city",
    "pk": 858,
    "fields": {
        "title": "\u0428\u0430\u0445\u0442\u044b",
        "region": 1312
    }
},
{
    "model": "home.city",
    "pk": 859,
    "fields": {
        "title": "\u041a\u0430\u0441\u0438\u043c\u043e\u0432",
        "region": 1313
    }
},
{
    "model": "home.city",
    "pk": 860,
    "fields": {
        "title": "\u041a\u043e\u0440\u0430\u0431\u043b\u0438\u043d\u043e",
        "region": 1313
    }
},
{
    "model": "home.city",
    "pk": 861,
    "fields": {
        "title": "\u041c\u0438\u0445\u0430\u0439\u043b\u043e\u0432",
        "region": 1313
    }
},
{
    "model": "home.city",
    "pk": 862,
    "fields": {
        "title": "\u041d\u043e\u0432\u043e\u043c\u0438\u0447\u0443\u0440\u0438\u043d\u0441\u043a",
        "region": 1313
    }
},
{
    "model": "home.city",
    "pk": 863,
    "fields": {
        "title": "\u0420\u044b\u0431\u043d\u043e\u0435",
        "region": 1313
    }
},
{
    "model": "home.city",
    "pk": 864,
    "fields": {
        "title": "\u0420\u044f\u0436\u0441\u043a",
        "region": 1313
    }
},
{
    "model": "home.city",
    "pk": 865,
    "fields": {
        "title": "\u0420\u044f\u0437\u0430\u043d\u044c",
        "region": 1313
    }
},
{
    "model": "home.city",
    "pk": 866,
    "fields": {
        "title": "\u0421\u0430\u0441\u043e\u0432\u043e",
        "region": 1313
    }
},
{
    "model": "home.city",
    "pk": 867,
    "fields": {
        "title": "\u0421\u043a\u043e\u043f\u0438\u043d",
        "region": 1313
    }
},
{
    "model": "home.city",
    "pk": 868,
    "fields": {
        "title": "\u0421\u043f\u0430\u0441-\u041a\u043b\u0435\u043f\u0438\u043a\u0438",
        "region": 1313
    }
},
{
    "model": "home.city",
    "pk": 869,
    "fields": {
        "title": "\u0421\u043f\u0430\u0441\u0441\u043a-\u0420\u044f\u0437\u0430\u043d\u0441\u043a\u0438\u0439",
        "region": 1313
    }
},
{
    "model": "home.city",
    "pk": 870,
    "fields": {
        "title": "\u0428\u0430\u0446\u043a",
        "region": 1313
    }
},
{
    "model": "home.city",
    "pk": 871,
    "fields": {
        "title": "\u0416\u0438\u0433\u0443\u043b\u0435\u0432\u0441\u043a",
        "region": 1314
    }
},
{
    "model": "home.city",
    "pk": 872,
    "fields": {
        "title": "\u041a\u0438\u043d\u0435\u043b\u044c",
        "region": 1314
    }
},
{
    "model": "home.city",
    "pk": 873,
    "fields": {
        "title": "\u041d\u0435\u0444\u0442\u0435\u0433\u043e\u0440\u0441\u043a",
        "region": 1314
    }
},
{
    "model": "home.city",
    "pk": 874,
    "fields": {
        "title": "\u041d\u043e\u0432\u043e\u043a\u0443\u0439\u0431\u044b\u0448\u0435\u0432\u0441\u043a",
        "region": 1314
    }
},
{
    "model": "home.city",
    "pk": 875,
    "fields": {
        "title": "\u041e\u043a\u0442\u044f\u0431\u0440\u044c\u0441\u043a",
        "region": 1314
    }
},
{
    "model": "home.city",
    "pk": 876,
    "fields": {
        "title": "\u041e\u0442\u0440\u0430\u0434\u043d\u044b\u0439",
        "region": 1314
    }
},
{
    "model": "home.city",
    "pk": 877,
    "fields": {
        "title": "\u041f\u043e\u0445\u0432\u0438\u0441\u0442\u043d\u0435\u0432\u043e",
        "region": 1314
    }
},
{
    "model": "home.city",
    "pk": 878,
    "fields": {
        "title": "\u0421\u0430\u043c\u0430\u0440\u0430",
        "region": 1314
    }
},
{
    "model": "home.city",
    "pk": 879,
    "fields": {
        "title": "\u0421\u044b\u0437\u0440\u0430\u043d\u044c",
        "region": 1314
    }
},
{
    "model": "home.city",
    "pk": 880,
    "fields": {
        "title": "\u0422\u043e\u043b\u044c\u044f\u0442\u0442\u0438",
        "region": 1314
    }
},
{
    "model": "home.city",
    "pk": 881,
    "fields": {
        "title": "\u0427\u0430\u043f\u0430\u0435\u0432\u0441\u043a",
        "region": 1314
    }
},
{
    "model": "home.city",
    "pk": 882,
    "fields": {
        "title": "\u0410\u0440\u043a\u0430\u0434\u0430\u043a",
        "region": 1315
    }
},
{
    "model": "home.city",
    "pk": 883,
    "fields": {
        "title": "\u0410\u0442\u043a\u0430\u0440\u0441\u043a",
        "region": 1315
    }
},
{
    "model": "home.city",
    "pk": 884,
    "fields": {
        "title": "\u0411\u0430\u043b\u0430\u043a\u043e\u0432\u043e",
        "region": 1315
    }
},
{
    "model": "home.city",
    "pk": 885,
    "fields": {
        "title": "\u0411\u0430\u043b\u0430\u0448\u043e\u0432",
        "region": 1315
    }
},
{
    "model": "home.city",
    "pk": 886,
    "fields": {
        "title": "\u0412\u043e\u043b\u044c\u0441\u043a",
        "region": 1315
    }
},
{
    "model": "home.city",
    "pk": 887,
    "fields": {
        "title": "\u0412\u043e\u043b\u044c\u0441\u043a-18",
        "region": 1315
    }
},
{
    "model": "home.city",
    "pk": 888,
    "fields": {
        "title": "\u0415\u0440\u0448\u043e\u0432",
        "region": 1315
    }
},
{
    "model": "home.city",
    "pk": 889,
    "fields": {
        "title": "\u041a\u0430\u043b\u0438\u043d\u0438\u043d\u0441\u043a",
        "region": 1315
    }
},
{
    "model": "home.city",
    "pk": 890,
    "fields": {
        "title": "\u041a\u0440\u0430\u0441\u043d\u043e\u0430\u0440\u043c\u0435\u0439\u0441\u043a",
        "region": 1315
    }
},
{
    "model": "home.city",
    "pk": 891,
    "fields": {
        "title": "\u041a\u0440\u0430\u0441\u043d\u044b\u0439 \u041a\u0443\u0442",
        "region": 1315
    }
},
{
    "model": "home.city",
    "pk": 892,
    "fields": {
        "title": "\u041c\u0430\u0440\u043a\u0441",
        "region": 1315
    }
},
{
    "model": "home.city",
    "pk": 893,
    "fields": {
        "title": "\u041d\u043e\u0432\u043e\u0443\u0437\u0435\u043d\u0441\u043a",
        "region": 1315
    }
},
{
    "model": "home.city",
    "pk": 894,
    "fields": {
        "title": "\u041f\u0435\u0442\u0440\u043e\u0432\u0441\u043a",
        "region": 1315
    }
},
{
    "model": "home.city",
    "pk": 895,
    "fields": {
        "title": "\u041f\u0443\u0433\u0430\u0447\u0435\u0432",
        "region": 1315
    }
},
{
    "model": "home.city",
    "pk": 896,
    "fields": {
        "title": "\u0420\u0442\u0438\u0449\u0435\u0432\u043e",
        "region": 1315
    }
},
{
    "model": "home.city",
    "pk": 897,
    "fields": {
        "title": "\u0421\u0430\u0440\u0430\u0442\u043e\u0432",
        "region": 1315
    }
},
{
    "model": "home.city",
    "pk": 898,
    "fields": {
        "title": "\u0425\u0432\u0430\u043b\u044b\u043d\u0441\u043a",
        "region": 1315
    }
},
{
    "model": "home.city",
    "pk": 899,
    "fields": {
        "title": "\u0428\u0438\u0445\u0430\u043d\u044b",
        "region": 1315
    }
},
{
    "model": "home.city",
    "pk": 900,
    "fields": {
        "title": "\u042d\u043d\u0433\u0435\u043b\u044c\u0441",
        "region": 1315
    }
},
{
    "model": "home.city",
    "pk": 901,
    "fields": {
        "title": "\u042d\u043d\u0433\u0435\u043b\u044c\u0441-19",
        "region": 1315
    }
},
{
    "model": "home.city",
    "pk": 902,
    "fields": {
        "title": "\u042d\u043d\u0433\u0435\u043b\u044c\u0441-2",
        "region": 1315
    }
},
{
    "model": "home.city",
    "pk": 903,
    "fields": {
        "title": "\u0410\u043b\u0435\u043a\u0441\u0430\u043d\u0434\u0440\u043e\u0432\u0441\u043a-\u0421\u0430\u0445\u0430\u043b\u0438\u043d\u0441\u043a\u0438\u0439",
        "region": 1316
    }
},
{
    "model": "home.city",
    "pk": 904,
    "fields": {
        "title": "\u0410\u043d\u0438\u0432\u0430",
        "region": 1316
    }
},
{
    "model": "home.city",
    "pk": 905,
    "fields": {
        "title": "\u0414\u043e\u043b\u0438\u043d\u0441\u043a",
        "region": 1316
    }
},
{
    "model": "home.city",
    "pk": 906,
    "fields": {
        "title": "\u041a\u043e\u0440\u0441\u0430\u043a\u043e\u0432",
        "region": 1316
    }
},
{
    "model": "home.city",
    "pk": 907,
    "fields": {
        "title": "\u041a\u0443\u0440\u0438\u043b\u044c\u0441\u043a",
        "region": 1316
    }
},
{
    "model": "home.city",
    "pk": 908,
    "fields": {
        "title": "\u041c\u0430\u043a\u0430\u0440\u043e\u0432",
        "region": 1316
    }
},
{
    "model": "home.city",
    "pk": 909,
    "fields": {
        "title": "\u041d\u0435\u0432\u0435\u043b\u044c\u0441\u043a",
        "region": 1316
    }
},
{
    "model": "home.city",
    "pk": 910,
    "fields": {
        "title": "\u041e\u0445\u0430",
        "region": 1316
    }
},
{
    "model": "home.city",
    "pk": 911,
    "fields": {
        "title": "\u041f\u043e\u0440\u043e\u043d\u0430\u0439\u0441\u043a",
        "region": 1316
    }
},
{
    "model": "home.city",
    "pk": 912,
    "fields": {
        "title": "\u0421\u0435\u0432\u0435\u0440\u043e-\u041a\u0443\u0440\u0438\u043b\u044c\u0441\u043a",
        "region": 1316
    }
},
{
    "model": "home.city",
    "pk": 913,
    "fields": {
        "title": "\u0422\u043e\u043c\u0430\u0440\u0438",
        "region": 1316
    }
},
{
    "model": "home.city",
    "pk": 914,
    "fields": {
        "title": "\u0423\u0433\u043b\u0435\u0433\u043e\u0440\u0441\u043a",
        "region": 1316
    }
},
{
    "model": "home.city",
    "pk": 915,
    "fields": {
        "title": "\u0425\u043e\u043b\u043c\u0441\u043a",
        "region": 1316
    }
},
{
    "model": "home.city",
    "pk": 916,
    "fields": {
        "title": "\u0428\u0430\u0445\u0442\u0435\u0440\u0441\u043a",
        "region": 1316
    }
},
{
    "model": "home.city",
    "pk": 917,
    "fields": {
        "title": "\u042e\u0436\u043d\u043e-\u0421\u0430\u0445\u0430\u043b\u0438\u043d\u0441\u043a",
        "region": 1316
    }
},
{
    "model": "home.city",
    "pk": 918,
    "fields": {
        "title": "\u0410\u043b\u0430\u043f\u0430\u0435\u0432\u0441\u043a",
        "region": 1317
    }
},
{
    "model": "home.city",
    "pk": 919,
    "fields": {
        "title": "\u0410\u0440\u0430\u043c\u0438\u043b\u044c",
        "region": 1317
    }
},
{
    "model": "home.city",
    "pk": 920,
    "fields": {
        "title": "\u0410\u0440\u0442\u0435\u043c\u043e\u0432\u0441\u043a\u0438\u0439",
        "region": 1317
    }
},
{
    "model": "home.city",
    "pk": 921,
    "fields": {
        "title": "\u0410\u0441\u0431\u0435\u0441\u0442",
        "region": 1317
    }
},
{
    "model": "home.city",
    "pk": 922,
    "fields": {
        "title": "\u0411\u0435\u0440\u0435\u0437\u043e\u0432\u0441\u043a\u0438\u0439",
        "region": 1317
    }
},
{
    "model": "home.city",
    "pk": 923,
    "fields": {
        "title": "\u0411\u043e\u0433\u0434\u0430\u043d\u043e\u0432\u0438\u0447",
        "region": 1317
    }
},
{
    "model": "home.city",
    "pk": 924,
    "fields": {
        "title": "\u0412\u0435\u0440\u0445\u043d\u0438\u0439 \u0422\u0430\u0433\u0438\u043b",
        "region": 1317
    }
},
{
    "model": "home.city",
    "pk": 925,
    "fields": {
        "title": "\u0412\u0435\u0440\u0445\u043d\u044f\u044f \u041f\u044b\u0448\u043c\u0430",
        "region": 1317
    }
},
{
    "model": "home.city",
    "pk": 926,
    "fields": {
        "title": "\u0412\u0435\u0440\u0445\u043d\u044f\u044f \u0421\u0430\u043b\u0434\u0430",
        "region": 1317
    }
},
{
    "model": "home.city",
    "pk": 927,
    "fields": {
        "title": "\u0412\u0435\u0440\u0445\u043d\u044f\u044f \u0422\u0443\u0440\u0430",
        "region": 1317
    }
},
{
    "model": "home.city",
    "pk": 928,
    "fields": {
        "title": "\u0412\u0435\u0440\u0445\u043e\u0442\u0443\u0440\u044c\u0435",
        "region": 1317
    }
},
{
    "model": "home.city",
    "pk": 929,
    "fields": {
        "title": "\u0412\u043e\u043b\u0447\u0430\u043d\u0441\u043a",
        "region": 1317
    }
},
{
    "model": "home.city",
    "pk": 930,
    "fields": {
        "title": "\u0414\u0435\u0433\u0442\u044f\u0440\u0441\u043a",
        "region": 1317
    }
},
{
    "model": "home.city",
    "pk": 931,
    "fields": {
        "title": "\u0415\u043a\u0430\u0442\u0435\u0440\u0438\u043d\u0431\u0443\u0440\u0433",
        "region": 1317
    }
},
{
    "model": "home.city",
    "pk": 932,
    "fields": {
        "title": "\u0417\u0430\u0440\u0435\u0447\u043d\u044b\u0439",
        "region": 1317
    }
},
{
    "model": "home.city",
    "pk": 933,
    "fields": {
        "title": "\u0418\u0432\u0434\u0435\u043b\u044c",
        "region": 1317
    }
},
{
    "model": "home.city",
    "pk": 934,
    "fields": {
        "title": "\u0418\u0440\u0431\u0438\u0442",
        "region": 1317
    }
},
{
    "model": "home.city",
    "pk": 935,
    "fields": {
        "title": "\u041a\u0430\u043c\u0435\u043d\u0441\u043a-\u0423\u0440\u0430\u043b\u044c\u0441\u043a\u0438\u0439",
        "region": 1317
    }
},
{
    "model": "home.city",
    "pk": 936,
    "fields": {
        "title": "\u041a\u0430\u043c\u044b\u0448\u043b\u043e\u0432",
        "region": 1317
    }
},
{
    "model": "home.city",
    "pk": 937,
    "fields": {
        "title": "\u041a\u0430\u0440\u043f\u0438\u043d\u0441\u043a",
        "region": 1317
    }
},
{
    "model": "home.city",
    "pk": 938,
    "fields": {
        "title": "\u041a\u0430\u0447\u043a\u0430\u043d\u0430\u0440",
        "region": 1317
    }
},
{
    "model": "home.city",
    "pk": 939,
    "fields": {
        "title": "\u041a\u0438\u0440\u043e\u0432\u0433\u0440\u0430\u0434",
        "region": 1317
    }
},
{
    "model": "home.city",
    "pk": 940,
    "fields": {
        "title": "\u041a\u0440\u0430\u0441\u043d\u043e\u0442\u0443\u0440\u044c\u0438\u043d\u0441\u043a",
        "region": 1317
    }
},
{
    "model": "home.city",
    "pk": 941,
    "fields": {
        "title": "\u041a\u0440\u0430\u0441\u043d\u043e\u0443\u0440\u0430\u043b\u044c\u0441\u043a",
        "region": 1317
    }
},
{
    "model": "home.city",
    "pk": 942,
    "fields": {
        "title": "\u041a\u0440\u0430\u0441\u043d\u043e\u0443\u0444\u0438\u043c\u0441\u043a",
        "region": 1317
    }
},
{
    "model": "home.city",
    "pk": 943,
    "fields": {
        "title": "\u041a\u0443\u0448\u0432\u0430",
        "region": 1317
    }
},
{
    "model": "home.city",
    "pk": 944,
    "fields": {
        "title": "\u041b\u0435\u0441\u043d\u043e\u0439",
        "region": 1317
    }
},
{
    "model": "home.city",
    "pk": 945,
    "fields": {
        "title": "\u041c\u0438\u0445\u0430\u0439\u043b\u043e\u0432\u0441\u043a",
        "region": 1317
    }
},
{
    "model": "home.city",
    "pk": 946,
    "fields": {
        "title": "\u041d\u0435\u0432\u044c\u044f\u043d\u0441\u043a",
        "region": 1317
    }
},
{
    "model": "home.city",
    "pk": 947,
    "fields": {
        "title": "\u041d\u0438\u0436\u043d\u0438\u0435 \u0421\u0435\u0440\u0433\u0438",
        "region": 1317
    }
},
{
    "model": "home.city",
    "pk": 948,
    "fields": {
        "title": "\u041d\u0438\u0436\u043d\u0438\u0435 \u0421\u0435\u0440\u0433\u0438-3",
        "region": 1317
    }
},
{
    "model": "home.city",
    "pk": 949,
    "fields": {
        "title": "\u041d\u0438\u0436\u043d\u0438\u0439 \u0422\u0430\u0433\u0438\u043b",
        "region": 1317
    }
},
{
    "model": "home.city",
    "pk": 950,
    "fields": {
        "title": "\u041d\u0438\u0436\u043d\u044f\u044f \u0421\u0430\u043b\u0434\u0430",
        "region": 1317
    }
},
{
    "model": "home.city",
    "pk": 951,
    "fields": {
        "title": "\u041d\u0438\u0436\u043d\u044f\u044f \u0422\u0443\u0440\u0430",
        "region": 1317
    }
},
{
    "model": "home.city",
    "pk": 952,
    "fields": {
        "title": "\u041d\u043e\u0432\u0430\u044f \u041b\u044f\u043b\u044f",
        "region": 1317
    }
},
{
    "model": "home.city",
    "pk": 953,
    "fields": {
        "title": "\u041d\u043e\u0432\u043e\u0443\u0440\u0430\u043b\u044c\u0441\u043a",
        "region": 1317
    }
},
{
    "model": "home.city",
    "pk": 954,
    "fields": {
        "title": "\u041f\u0435\u0440\u0432\u043e\u0443\u0440\u0430\u043b\u044c\u0441\u043a",
        "region": 1317
    }
},
{
    "model": "home.city",
    "pk": 955,
    "fields": {
        "title": "\u041f\u043e\u043b\u0435\u0432\u0441\u043a\u043e\u0439",
        "region": 1317
    }
},
{
    "model": "home.city",
    "pk": 956,
    "fields": {
        "title": "\u0420\u0435\u0432\u0434\u0430",
        "region": 1317
    }
},
{
    "model": "home.city",
    "pk": 957,
    "fields": {
        "title": "\u0420\u0435\u0436",
        "region": 1317
    }
},
{
    "model": "home.city",
    "pk": 958,
    "fields": {
        "title": "\u0421\u0435\u0432\u0435\u0440\u043e\u0443\u0440\u0430\u043b\u044c\u0441\u043a",
        "region": 1317
    }
},
{
    "model": "home.city",
    "pk": 959,
    "fields": {
        "title": "\u0421\u0435\u0440\u043e\u0432",
        "region": 1317
    }
},
{
    "model": "home.city",
    "pk": 960,
    "fields": {
        "title": "\u0421\u0440\u0435\u0434\u043d\u0435\u0443\u0440\u0430\u043b\u044c\u0441\u043a",
        "region": 1317
    }
},
{
    "model": "home.city",
    "pk": 961,
    "fields": {
        "title": "\u0421\u0443\u0445\u043e\u0439 \u041b\u043e\u0433",
        "region": 1317
    }
},
{
    "model": "home.city",
    "pk": 962,
    "fields": {
        "title": "\u0421\u044b\u0441\u0435\u0440\u0442\u044c",
        "region": 1317
    }
},
{
    "model": "home.city",
    "pk": 963,
    "fields": {
        "title": "\u0422\u0430\u0432\u0434\u0430",
        "region": 1317
    }
},
{
    "model": "home.city",
    "pk": 964,
    "fields": {
        "title": "\u0422\u0430\u043b\u0438\u0446\u0430",
        "region": 1317
    }
},
{
    "model": "home.city",
    "pk": 965,
    "fields": {
        "title": "\u0422\u0443\u0440\u0438\u043d\u0441\u043a",
        "region": 1317
    }
},
{
    "model": "home.city",
    "pk": 966,
    "fields": {
        "title": "\u0412\u0435\u043b\u0438\u0436",
        "region": 1318
    }
},
{
    "model": "home.city",
    "pk": 967,
    "fields": {
        "title": "\u0412\u044f\u0437\u044c\u043c\u0430",
        "region": 1318
    }
},
{
    "model": "home.city",
    "pk": 968,
    "fields": {
        "title": "\u0413\u0430\u0433\u0430\u0440\u0438\u043d",
        "region": 1318
    }
},
{
    "model": "home.city",
    "pk": 969,
    "fields": {
        "title": "\u0414\u0435\u043c\u0438\u0434\u043e\u0432",
        "region": 1318
    }
},
{
    "model": "home.city",
    "pk": 970,
    "fields": {
        "title": "\u0414\u0435\u0441\u043d\u043e\u0433\u043e\u0440\u0441\u043a",
        "region": 1318
    }
},
{
    "model": "home.city",
    "pk": 971,
    "fields": {
        "title": "\u0414\u043e\u0440\u043e\u0433\u043e\u0431\u0443\u0436",
        "region": 1318
    }
},
{
    "model": "home.city",
    "pk": 972,
    "fields": {
        "title": "\u0414\u0443\u0445\u043e\u0432\u0449\u0438\u043d\u0430",
        "region": 1318
    }
},
{
    "model": "home.city",
    "pk": 973,
    "fields": {
        "title": "\u0415\u043b\u044c\u043d\u044f",
        "region": 1318
    }
},
{
    "model": "home.city",
    "pk": 974,
    "fields": {
        "title": "\u041f\u043e\u0447\u0438\u043d\u043e\u043a",
        "region": 1318
    }
},
{
    "model": "home.city",
    "pk": 975,
    "fields": {
        "title": "\u0420\u043e\u0441\u043b\u0430\u0432\u043b\u044c",
        "region": 1318
    }
},
{
    "model": "home.city",
    "pk": 976,
    "fields": {
        "title": "\u0420\u0443\u0434\u043d\u044f",
        "region": 1318
    }
},
{
    "model": "home.city",
    "pk": 977,
    "fields": {
        "title": "\u0421\u0430\u0444\u043e\u043d\u043e\u0432\u043e",
        "region": 1318
    }
},
{
    "model": "home.city",
    "pk": 978,
    "fields": {
        "title": "\u0421\u043c\u043e\u043b\u0435\u043d\u0441\u043a",
        "region": 1318
    }
},
{
    "model": "home.city",
    "pk": 979,
    "fields": {
        "title": "\u0421\u044b\u0447\u0435\u0432\u043a\u0430",
        "region": 1318
    }
},
{
    "model": "home.city",
    "pk": 980,
    "fields": {
        "title": "\u042f\u0440\u0446\u0435\u0432\u043e",
        "region": 1318
    }
},
{
    "model": "home.city",
    "pk": 981,
    "fields": {
        "title": "\u0416\u0435\u0440\u0434\u0435\u0432\u043a\u0430",
        "region": 1319
    }
},
{
    "model": "home.city",
    "pk": 982,
    "fields": {
        "title": "\u041a\u0438\u0440\u0441\u0430\u043d\u043e\u0432",
        "region": 1319
    }
},
{
    "model": "home.city",
    "pk": 983,
    "fields": {
        "title": "\u041a\u043e\u0442\u043e\u0432\u0441\u043a",
        "region": 1319
    }
},
{
    "model": "home.city",
    "pk": 984,
    "fields": {
        "title": "\u041c\u0438\u0447\u0443\u0440\u0438\u043d\u0441\u043a",
        "region": 1319
    }
},
{
    "model": "home.city",
    "pk": 985,
    "fields": {
        "title": "\u041c\u043e\u0440\u0448\u0430\u043d\u0441\u043a",
        "region": 1319
    }
},
{
    "model": "home.city",
    "pk": 986,
    "fields": {
        "title": "\u0420\u0430\u0441\u0441\u043a\u0430\u0437\u043e\u0432\u043e",
        "region": 1319
    }
},
{
    "model": "home.city",
    "pk": 987,
    "fields": {
        "title": "\u0422\u0430\u043c\u0431\u043e\u0432",
        "region": 1319
    }
},
{
    "model": "home.city",
    "pk": 988,
    "fields": {
        "title": "\u0423\u0432\u0430\u0440\u043e\u0432\u043e",
        "region": 1319
    }
},
{
    "model": "home.city",
    "pk": 989,
    "fields": {
        "title": "\u0410\u043d\u0434\u0440\u0435\u0430\u043f\u043e\u043b\u044c",
        "region": 1320
    }
},
{
    "model": "home.city",
    "pk": 990,
    "fields": {
        "title": "\u0411\u0435\u0436\u0435\u0446\u043a",
        "region": 1320
    }
},
{
    "model": "home.city",
    "pk": 991,
    "fields": {
        "title": "\u0411\u0435\u043b\u044b\u0439",
        "region": 1320
    }
},
{
    "model": "home.city",
    "pk": 992,
    "fields": {
        "title": "\u0411\u043e\u043b\u043e\u0433\u043e\u0435",
        "region": 1320
    }
},
{
    "model": "home.city",
    "pk": 993,
    "fields": {
        "title": "\u0412\u0435\u0441\u044c\u0435\u0433\u043e\u043d\u0441\u043a",
        "region": 1320
    }
},
{
    "model": "home.city",
    "pk": 994,
    "fields": {
        "title": "\u0412\u044b\u0448\u043d\u0438\u0439 \u0412\u043e\u043b\u043e\u0447\u0435\u043a",
        "region": 1320
    }
},
{
    "model": "home.city",
    "pk": 995,
    "fields": {
        "title": "\u0417\u0430\u043f\u0430\u0434\u043d\u0430\u044f \u0414\u0432\u0438\u043d\u0430",
        "region": 1320
    }
},
{
    "model": "home.city",
    "pk": 996,
    "fields": {
        "title": "\u0417\u0443\u0431\u0446\u043e\u0432",
        "region": 1320
    }
},
{
    "model": "home.city",
    "pk": 997,
    "fields": {
        "title": "\u041a\u0430\u043b\u044f\u0437\u0438\u043d",
        "region": 1320
    }
},
{
    "model": "home.city",
    "pk": 998,
    "fields": {
        "title": "\u041a\u0430\u0448\u0438\u043d",
        "region": 1320
    }
},
{
    "model": "home.city",
    "pk": 999,
    "fields": {
        "title": "\u041a\u0438\u043c\u0440\u044b",
        "region": 1320
    }
},
{
    "model": "home.city",
    "pk": 1000,
    "fields": {
        "title": "\u041a\u043e\u043d\u0430\u043a\u043e\u0432\u043e",
        "region": 1320
    }
},
{
    "model": "home.city",
    "pk": 1001,
    "fields": {
        "title": "\u041a\u0440\u0430\u0441\u043d\u044b\u0439 \u0425\u043e\u043b\u043c",
        "region": 1320
    }
},
{
    "model": "home.city",
    "pk": 1002,
    "fields": {
        "title": "\u041a\u0443\u0432\u0448\u0438\u043d\u043e\u0432\u043e",
        "region": 1320
    }
},
{
    "model": "home.city",
    "pk": 1003,
    "fields": {
        "title": "\u041b\u0438\u0445\u043e\u0441\u043b\u0430\u0432\u043b\u044c",
        "region": 1320
    }
},
{
    "model": "home.city",
    "pk": 1004,
    "fields": {
        "title": "\u041d\u0435\u043b\u0438\u0434\u043e\u0432\u043e",
        "region": 1320
    }
},
{
    "model": "home.city",
    "pk": 1005,
    "fields": {
        "title": "\u041e\u0441\u0442\u0430\u0448\u043a\u043e\u0432",
        "region": 1320
    }
},
{
    "model": "home.city",
    "pk": 1006,
    "fields": {
        "title": "\u0420\u0436\u0435\u0432",
        "region": 1320
    }
},
{
    "model": "home.city",
    "pk": 1007,
    "fields": {
        "title": "\u0421\u0442\u0430\u0440\u0438\u0446\u0430",
        "region": 1320
    }
},
{
    "model": "home.city",
    "pk": 1008,
    "fields": {
        "title": "\u0422\u0432\u0435\u0440\u044c",
        "region": 1320
    }
},
{
    "model": "home.city",
    "pk": 1009,
    "fields": {
        "title": "\u0422\u043e\u0440\u0436\u043e\u043a",
        "region": 1320
    }
},
{
    "model": "home.city",
    "pk": 1010,
    "fields": {
        "title": "\u0422\u043e\u0440\u043e\u043f\u0435\u0446",
        "region": 1320
    }
},
{
    "model": "home.city",
    "pk": 1011,
    "fields": {
        "title": "\u0423\u0434\u043e\u043c\u043b\u044f",
        "region": 1320
    }
},
{
    "model": "home.city",
    "pk": 1012,
    "fields": {
        "title": "\u0410\u0441\u0438\u043d\u043e",
        "region": 1321
    }
},
{
    "model": "home.city",
    "pk": 1013,
    "fields": {
        "title": "\u041a\u0435\u0434\u0440\u043e\u0432\u044b\u0439",
        "region": 1321
    }
},
{
    "model": "home.city",
    "pk": 1014,
    "fields": {
        "title": "\u041a\u043e\u043b\u043f\u0430\u0448\u0435\u0432\u043e",
        "region": 1321
    }
},
{
    "model": "home.city",
    "pk": 1015,
    "fields": {
        "title": "\u0421\u0435\u0432\u0435\u0440\u0441\u043a",
        "region": 1321
    }
},
{
    "model": "home.city",
    "pk": 1016,
    "fields": {
        "title": "\u0421\u0442\u0440\u0435\u0436\u0435\u0432\u043e\u0439",
        "region": 1321
    }
},
{
    "model": "home.city",
    "pk": 1017,
    "fields": {
        "title": "\u0422\u043e\u043c\u0441\u043a",
        "region": 1321
    }
},
{
    "model": "home.city",
    "pk": 1018,
    "fields": {
        "title": "\u0410\u043b\u0435\u043a\u0441\u0438\u043d",
        "region": 1322
    }
},
{
    "model": "home.city",
    "pk": 1019,
    "fields": {
        "title": "\u0411\u0435\u043b\u0435\u0432",
        "region": 1322
    }
},
{
    "model": "home.city",
    "pk": 1020,
    "fields": {
        "title": "\u0411\u043e\u0433\u043e\u0440\u043e\u0434\u0438\u0446\u043a",
        "region": 1322
    }
},
{
    "model": "home.city",
    "pk": 1021,
    "fields": {
        "title": "\u0411\u043e\u043b\u043e\u0445\u043e\u0432\u043e",
        "region": 1322
    }
},
{
    "model": "home.city",
    "pk": 1022,
    "fields": {
        "title": "\u0412\u0435\u043d\u0435\u0432",
        "region": 1322
    }
},
{
    "model": "home.city",
    "pk": 1023,
    "fields": {
        "title": "\u0414\u043e\u043d\u0441\u043a\u043e\u0439",
        "region": 1322
    }
},
{
    "model": "home.city",
    "pk": 1024,
    "fields": {
        "title": "\u0415\u0444\u0440\u0435\u043c\u043e\u0432",
        "region": 1322
    }
},
{
    "model": "home.city",
    "pk": 1025,
    "fields": {
        "title": "\u041a\u0438\u043c\u043e\u0432\u0441\u043a",
        "region": 1322
    }
},
{
    "model": "home.city",
    "pk": 1026,
    "fields": {
        "title": "\u041a\u0438\u0440\u0435\u0435\u0432\u0441\u043a",
        "region": 1322
    }
},
{
    "model": "home.city",
    "pk": 1027,
    "fields": {
        "title": "\u041b\u0438\u043f\u043a\u0438",
        "region": 1322
    }
},
{
    "model": "home.city",
    "pk": 1028,
    "fields": {
        "title": "\u041d\u043e\u0432\u043e\u043c\u043e\u0441\u043a\u043e\u0432\u0441\u043a",
        "region": 1322
    }
},
{
    "model": "home.city",
    "pk": 1029,
    "fields": {
        "title": "\u041f\u043b\u0430\u0432\u0441\u043a",
        "region": 1322
    }
},
{
    "model": "home.city",
    "pk": 1030,
    "fields": {
        "title": "\u0421\u043e\u0432\u0435\u0442\u0441\u043a",
        "region": 1322
    }
},
{
    "model": "home.city",
    "pk": 1031,
    "fields": {
        "title": "\u0421\u0443\u0432\u043e\u0440\u043e\u0432",
        "region": 1322
    }
},
{
    "model": "home.city",
    "pk": 1032,
    "fields": {
        "title": "\u0422\u0443\u043b\u0430",
        "region": 1322
    }
},
{
    "model": "home.city",
    "pk": 1033,
    "fields": {
        "title": "\u0423\u0437\u043b\u043e\u0432\u0430\u044f",
        "region": 1322
    }
},
{
    "model": "home.city",
    "pk": 1034,
    "fields": {
        "title": "\u0427\u0435\u043a\u0430\u043b\u0438\u043d",
        "region": 1322
    }
},
{
    "model": "home.city",
    "pk": 1035,
    "fields": {
        "title": "\u0429\u0435\u043a\u0438\u043d\u043e",
        "region": 1322
    }
},
{
    "model": "home.city",
    "pk": 1036,
    "fields": {
        "title": "\u042f\u0441\u043d\u043e\u0433\u043e\u0440\u0441\u043a",
        "region": 1322
    }
},
{
    "model": "home.city",
    "pk": 1037,
    "fields": {
        "title": "\u0417\u0430\u0432\u043e\u0434\u043e\u0443\u043a\u043e\u0432\u0441\u043a",
        "region": 1323
    }
},
{
    "model": "home.city",
    "pk": 1038,
    "fields": {
        "title": "\u0418\u0448\u0438\u043c",
        "region": 1323
    }
},
{
    "model": "home.city",
    "pk": 1039,
    "fields": {
        "title": "\u0422\u043e\u0431\u043e\u043b\u044c\u0441\u043a",
        "region": 1323
    }
},
{
    "model": "home.city",
    "pk": 1040,
    "fields": {
        "title": "\u0422\u044e\u043c\u0435\u043d\u044c",
        "region": 1323
    }
},
{
    "model": "home.city",
    "pk": 1041,
    "fields": {
        "title": "\u042f\u043b\u0443\u0442\u043e\u0440\u043e\u0432\u0441\u043a",
        "region": 1323
    }
},
{
    "model": "home.city",
    "pk": 1042,
    "fields": {
        "title": "\u0411\u0430\u0440\u044b\u0448",
        "region": 1324
    }
},
{
    "model": "home.city",
    "pk": 1043,
    "fields": {
        "title": "\u0414\u0438\u043c\u0438\u0442\u0440\u043e\u0432\u0433\u0440\u0430\u0434",
        "region": 1324
    }
},
{
    "model": "home.city",
    "pk": 1044,
    "fields": {
        "title": "\u0418\u043d\u0437\u0430",
        "region": 1324
    }
},
{
    "model": "home.city",
    "pk": 1045,
    "fields": {
        "title": "\u041d\u043e\u0432\u043e\u0443\u043b\u044c\u044f\u043d\u043e\u0432\u0441\u043a",
        "region": 1324
    }
},
{
    "model": "home.city",
    "pk": 1046,
    "fields": {
        "title": "\u0421\u0435\u043d\u0433\u0438\u043b\u0435\u0439",
        "region": 1324
    }
},
{
    "model": "home.city",
    "pk": 1047,
    "fields": {
        "title": "\u0423\u043b\u044c\u044f\u043d\u043e\u0432\u0441\u043a",
        "region": 1324
    }
},
{
    "model": "home.city",
    "pk": 1048,
    "fields": {
        "title": "\u0410\u0448\u0430",
        "region": 1325
    }
},
{
    "model": "home.city",
    "pk": 1049,
    "fields": {
        "title": "\u0411\u0430\u043a\u0430\u043b",
        "region": 1325
    }
},
{
    "model": "home.city",
    "pk": 1050,
    "fields": {
        "title": "\u0412\u0435\u0440\u0445\u043d\u0435\u0443\u0440\u0430\u043b\u044c\u0441\u043a",
        "region": 1325
    }
},
{
    "model": "home.city",
    "pk": 1051,
    "fields": {
        "title": "\u0412\u0435\u0440\u0445\u043d\u0438\u0439 \u0423\u0444\u0430\u043b\u0435\u0439",
        "region": 1325
    }
},
{
    "model": "home.city",
    "pk": 1052,
    "fields": {
        "title": "\u0415\u043c\u0430\u043d\u0436\u0435\u043b\u0438\u043d\u0441\u043a",
        "region": 1325
    }
},
{
    "model": "home.city",
    "pk": 1053,
    "fields": {
        "title": "\u0417\u043b\u0430\u0442\u043e\u0443\u0441\u0442",
        "region": 1325
    }
},
{
    "model": "home.city",
    "pk": 1054,
    "fields": {
        "title": "\u041a\u0430\u0440\u0430\u0431\u0430\u0448",
        "region": 1325
    }
},
{
    "model": "home.city",
    "pk": 1055,
    "fields": {
        "title": "\u041a\u0430\u0440\u0442\u0430\u043b\u044b",
        "region": 1325
    }
},
{
    "model": "home.city",
    "pk": 1056,
    "fields": {
        "title": "\u041a\u0430\u0441\u043b\u0438",
        "region": 1325
    }
},
{
    "model": "home.city",
    "pk": 1057,
    "fields": {
        "title": "\u041a\u0430\u0442\u0430\u0432-\u0418\u0432\u0430\u043d\u043e\u0432\u0441\u043a",
        "region": 1325
    }
},
{
    "model": "home.city",
    "pk": 1058,
    "fields": {
        "title": "\u041a\u043e\u043f\u0435\u0439\u0441\u043a",
        "region": 1325
    }
},
{
    "model": "home.city",
    "pk": 1059,
    "fields": {
        "title": "\u041a\u043e\u0440\u043a\u0438\u043d\u043e",
        "region": 1325
    }
},
{
    "model": "home.city",
    "pk": 1060,
    "fields": {
        "title": "\u041a\u0443\u0441\u0430",
        "region": 1325
    }
},
{
    "model": "home.city",
    "pk": 1061,
    "fields": {
        "title": "\u041a\u044b\u0448\u0442\u044b\u043c",
        "region": 1325
    }
},
{
    "model": "home.city",
    "pk": 1062,
    "fields": {
        "title": "\u041c\u0430\u0433\u043d\u0438\u0442\u043e\u0433\u043e\u0440\u0441\u043a",
        "region": 1325
    }
},
{
    "model": "home.city",
    "pk": 1063,
    "fields": {
        "title": "\u041c\u0438\u0430\u0441\u0441",
        "region": 1325
    }
},
{
    "model": "home.city",
    "pk": 1064,
    "fields": {
        "title": "\u041c\u0438\u043d\u044c\u044f\u0440",
        "region": 1325
    }
},
{
    "model": "home.city",
    "pk": 1065,
    "fields": {
        "title": "\u041d\u044f\u0437\u0435\u043f\u0435\u0442\u0440\u043e\u0432\u0441\u043a",
        "region": 1325
    }
},
{
    "model": "home.city",
    "pk": 1066,
    "fields": {
        "title": "\u041e\u0437\u0435\u0440\u0441\u043a",
        "region": 1325
    }
},
{
    "model": "home.city",
    "pk": 1067,
    "fields": {
        "title": "\u041f\u043b\u0430\u0441\u0442",
        "region": 1325
    }
},
{
    "model": "home.city",
    "pk": 1068,
    "fields": {
        "title": "\u0421\u0430\u0442\u043a\u0430",
        "region": 1325
    }
},
{
    "model": "home.city",
    "pk": 1069,
    "fields": {
        "title": "\u0421\u0438\u043c",
        "region": 1325
    }
},
{
    "model": "home.city",
    "pk": 1070,
    "fields": {
        "title": "\u0421\u043d\u0435\u0436\u0438\u043d\u0441\u043a",
        "region": 1325
    }
},
{
    "model": "home.city",
    "pk": 1071,
    "fields": {
        "title": "\u0422\u0440\u0435\u0445\u0433\u043e\u0440\u043d\u044b\u0439",
        "region": 1325
    }
},
{
    "model": "home.city",
    "pk": 1072,
    "fields": {
        "title": "\u0422\u0440\u0435\u0445\u0433\u043e\u0440\u043d\u044b\u0439-1",
        "region": 1325
    }
},
{
    "model": "home.city",
    "pk": 1073,
    "fields": {
        "title": "\u0422\u0440\u043e\u0438\u0446\u043a",
        "region": 1325
    }
},
{
    "model": "home.city",
    "pk": 1074,
    "fields": {
        "title": "\u0423\u0441\u0442\u044c-\u041a\u0430\u0442\u0430\u0432",
        "region": 1325
    }
},
{
    "model": "home.city",
    "pk": 1075,
    "fields": {
        "title": "\u0427\u0435\u0431\u0430\u0440\u043a\u0443\u043b\u044c",
        "region": 1325
    }
},
{
    "model": "home.city",
    "pk": 1076,
    "fields": {
        "title": "\u0427\u0435\u043b\u044f\u0431\u0438\u043d\u0441\u043a",
        "region": 1325
    }
},
{
    "model": "home.city",
    "pk": 1077,
    "fields": {
        "title": "\u042e\u0436\u043d\u043e\u0443\u0440\u0430\u043b\u044c\u0441\u043a",
        "region": 1325
    }
},
{
    "model": "home.city",
    "pk": 1078,
    "fields": {
        "title": "\u042e\u0440\u044e\u0437\u0430\u043d\u044c",
        "region": 1325
    }
},
{
    "model": "home.city",
    "pk": 1079,
    "fields": {
        "title": "\u0411\u0430\u043b\u0435\u0439",
        "region": 1326
    }
},
{
    "model": "home.city",
    "pk": 1080,
    "fields": {
        "title": "\u0411\u043e\u0440\u0437\u044f",
        "region": 1326
    }
},
{
    "model": "home.city",
    "pk": 1081,
    "fields": {
        "title": "\u041a\u0440\u0430\u0441\u043d\u043e\u043a\u0430\u043c\u0435\u043d\u0441\u043a",
        "region": 1326
    }
},
{
    "model": "home.city",
    "pk": 1082,
    "fields": {
        "title": "\u041c\u043e\u0433\u043e\u0447\u0430",
        "region": 1326
    }
},
{
    "model": "home.city",
    "pk": 1083,
    "fields": {
        "title": "\u041d\u0435\u0440\u0447\u0438\u043d\u0441\u043a",
        "region": 1326
    }
},
{
    "model": "home.city",
    "pk": 1084,
    "fields": {
        "title": "\u041f\u0435\u0442\u0440\u043e\u0432\u0441\u043a-\u0417\u0430\u0431\u0430\u0439\u043a\u0430\u043b\u044c\u0441\u043a\u0438\u0439",
        "region": 1326
    }
},
{
    "model": "home.city",
    "pk": 1085,
    "fields": {
        "title": "\u0421\u0440\u0435\u0442\u0435\u043d\u0441\u043a",
        "region": 1326
    }
},
{
    "model": "home.city",
    "pk": 1086,
    "fields": {
        "title": "\u0425\u0438\u043b\u043e\u043a",
        "region": 1326
    }
},
{
    "model": "home.city",
    "pk": 1087,
    "fields": {
        "title": "\u0427\u0438\u0442\u0430",
        "region": 1326
    }
},
{
    "model": "home.city",
    "pk": 1088,
    "fields": {
        "title": "\u0428\u0438\u043b\u043a\u0430",
        "region": 1326
    }
},
{
    "model": "home.city",
    "pk": 1089,
    "fields": {
        "title": "\u0413\u0430\u0432\u0440\u0438\u043b\u043e\u0432-\u042f\u043c",
        "region": 1327
    }
},
{
    "model": "home.city",
    "pk": 1090,
    "fields": {
        "title": "\u0414\u0430\u043d\u0438\u043b\u043e\u0432",
        "region": 1327
    }
},
{
    "model": "home.city",
    "pk": 1091,
    "fields": {
        "title": "\u041b\u044e\u0431\u0438\u043c",
        "region": 1327
    }
},
{
    "model": "home.city",
    "pk": 1092,
    "fields": {
        "title": "\u041c\u044b\u0448\u043a\u0438\u043d",
        "region": 1327
    }
},
{
    "model": "home.city",
    "pk": 1093,
    "fields": {
        "title": "\u041f\u0435\u0440\u0435\u0441\u043b\u0430\u0432\u043b\u044c-\u0417\u0430\u043b\u0435\u0441\u0441\u043a\u0438\u0439",
        "region": 1327
    }
},
{
    "model": "home.city",
    "pk": 1094,
    "fields": {
        "title": "\u041f\u043e\u0448\u0435\u0445\u043e\u043d\u044c\u0435",
        "region": 1327
    }
},
{
    "model": "home.city",
    "pk": 1095,
    "fields": {
        "title": "\u0420\u043e\u0441\u0442\u043e\u0432",
        "region": 1327
    }
},
{
    "model": "home.city",
    "pk": 1096,
    "fields": {
        "title": "\u0420\u044b\u0431\u0438\u043d\u0441\u043a",
        "region": 1327
    }
},
{
    "model": "home.city",
    "pk": 1097,
    "fields": {
        "title": "\u0422\u0443\u0442\u0430\u0435\u0432",
        "region": 1327
    }
},
{
    "model": "home.city",
    "pk": 1098,
    "fields": {
        "title": "\u0423\u0433\u043b\u0438\u0447",
        "region": 1327
    }
},
{
    "model": "home.city",
    "pk": 1099,
    "fields": {
        "title": "\u042f\u0440\u043e\u0441\u043b\u0430\u0432\u043b\u044c",
        "region": 1327
    }
},
{
    "model": "home.city",
    "pk": 1100,
    "fields": {
        "title": "\u0417\u0435\u043b\u0435\u043d\u043e\u0433\u0440\u0430\u0434",
        "region": 1328
    }
},
{
    "model": "home.city",
    "pk": 1102,
    "fields": {
        "title": "\u041c\u043e\u0441\u043a\u043e\u0432\u0441\u043a\u0438\u0439",
        "region": 1328
    }
},
{
    "model": "home.city",
    "pk": 1103,
    "fields": {
        "title": "\u0422\u0440\u043e\u0438\u0446\u043a",
        "region": 1328
    }
},
{
    "model": "home.city",
    "pk": 1104,
    "fields": {
        "title": "\u0429\u0435\u0440\u0431\u0438\u043d\u043a\u0430",
        "region": 1328
    }
},
{
    "model": "home.city",
    "pk": 1105,
    "fields": {
        "title": "\u0417\u0435\u043b\u0435\u043d\u043e\u0433\u043e\u0440\u0441\u043a",
        "region": 1329
    }
},
{
    "model": "home.city",
    "pk": 1106,
    "fields": {
        "title": "\u041a\u043e\u043b\u043f\u0438\u043d\u043e",
        "region": 1329
    }
},
{
    "model": "home.city",
    "pk": 1107,
    "fields": {
        "title": "\u041a\u0440\u0430\u0441\u043d\u043e\u0435 \u0421\u0435\u043b\u043e",
        "region": 1329
    }
},
{
    "model": "home.city",
    "pk": 1108,
    "fields": {
        "title": "\u041a\u0440\u043e\u043d\u0448\u0442\u0430\u0434\u0442",
        "region": 1329
    }
},
{
    "model": "home.city",
    "pk": 1109,
    "fields": {
        "title": "\u041b\u043e\u043c\u043e\u043d\u043e\u0441\u043e\u0432",
        "region": 1329
    }
},
{
    "model": "home.city",
    "pk": 1110,
    "fields": {
        "title": "\u041f\u0430\u0432\u043b\u043e\u0432\u0441\u043a",
        "region": 1329
    }
},
{
    "model": "home.city",
    "pk": 1111,
    "fields": {
        "title": "\u041f\u0435\u0442\u0435\u0440\u0433\u043e\u0444",
        "region": 1329
    }
},
{
    "model": "home.city",
    "pk": 1112,
    "fields": {
        "title": "\u041f\u0443\u0448\u043a\u0438\u043d",
        "region": 1329
    }
},
{
    "model": "home.city",
    "pk": 1113,
    "fields": {
        "title": "\u0421\u0430\u043d\u043a\u0442-\u041f\u0435\u0442\u0435\u0440\u0431\u0443\u0440\u0433",
        "region": 1329
    }
},
{
    "model": "home.city",
    "pk": 1114,
    "fields": {
        "title": "\u0421\u0435\u0441\u0442\u0440\u043e\u0440\u0435\u0446\u043a",
        "region": 1329
    }
},
{
    "model": "home.city",
    "pk": 1115,
    "fields": {
        "title": "\u0411\u0438\u0440\u043e\u0431\u0438\u0434\u0436\u0430\u043d",
        "region": 1330
    }
},
{
    "model": "home.city",
    "pk": 1116,
    "fields": {
        "title": "\u041e\u0431\u043b\u0443\u0447\u044c\u0435",
        "region": 1330
    }
},
{
    "model": "home.city",
    "pk": 1117,
    "fields": {
        "title": "\u041d\u0430\u0440\u044c\u044f\u043d-\u041c\u0430\u0440",
        "region": 1331
    }
},
{
    "model": "home.city",
    "pk": 1118,
    "fields": {
        "title": "\u0411\u0435\u043b\u043e\u044f\u0440\u0441\u043a\u0438\u0439",
        "region": 1332
    }
},
{
    "model": "home.city",
    "pk": 1119,
    "fields": {
        "title": "\u041a\u043e\u0433\u0430\u043b\u044b\u043c",
        "region": 1332
    }
},
{
    "model": "home.city",
    "pk": 1120,
    "fields": {
        "title": "\u041b\u0430\u043d\u0433\u0435\u043f\u0430\u0441",
        "region": 1332
    }
},
{
    "model": "home.city",
    "pk": 1121,
    "fields": {
        "title": "\u041b\u044f\u043d\u0442\u043e\u0440",
        "region": 1332
    }
},
{
    "model": "home.city",
    "pk": 1122,
    "fields": {
        "title": "\u041c\u0435\u0433\u0438\u043e\u043d",
        "region": 1332
    }
},
{
    "model": "home.city",
    "pk": 1123,
    "fields": {
        "title": "\u041d\u0435\u0444\u0442\u0435\u044e\u0433\u0430\u043d\u0441\u043a",
        "region": 1332
    }
},
{
    "model": "home.city",
    "pk": 1124,
    "fields": {
        "title": "\u041d\u0438\u0436\u043d\u0435\u0432\u0430\u0440\u0442\u043e\u0432\u0441\u043a",
        "region": 1332
    }
},
{
    "model": "home.city",
    "pk": 1125,
    "fields": {
        "title": "\u041d\u044f\u0433\u0430\u043d\u044c",
        "region": 1332
    }
},
{
    "model": "home.city",
    "pk": 1126,
    "fields": {
        "title": "\u041f\u043e\u043a\u0430\u0447\u0438",
        "region": 1332
    }
},
{
    "model": "home.city",
    "pk": 1127,
    "fields": {
        "title": "\u041f\u044b\u0442\u044c-\u042f\u0445",
        "region": 1332
    }
},
{
    "model": "home.city",
    "pk": 1128,
    "fields": {
        "title": "\u0420\u0430\u0434\u0443\u0436\u043d\u044b\u0439",
        "region": 1332
    }
},
{
    "model": "home.city",
    "pk": 1129,
    "fields": {
        "title": "\u0421\u043e\u0432\u0435\u0442\u0441\u043a\u0438\u0439",
        "region": 1332
    }
},
{
    "model": "home.city",
    "pk": 1130,
    "fields": {
        "title": "\u0421\u0443\u0440\u0433\u0443\u0442",
        "region": 1332
    }
},
{
    "model": "home.city",
    "pk": 1131,
    "fields": {
        "title": "\u0423\u0440\u0430\u0439",
        "region": 1332
    }
},
{
    "model": "home.city",
    "pk": 1132,
    "fields": {
        "title": "\u0425\u0430\u043d\u0442\u044b-\u041c\u0430\u043d\u0441\u0438\u0439\u0441\u043a",
        "region": 1332
    }
},
{
    "model": "home.city",
    "pk": 1133,
    "fields": {
        "title": "\u042e\u0433\u043e\u0440\u0441\u043a",
        "region": 1332
    }
},
{
    "model": "home.city",
    "pk": 1134,
    "fields": {
        "title": "\u0410\u043d\u0430\u0434\u044b\u0440\u044c",
        "region": 1333
    }
},
{
    "model": "home.city",
    "pk": 1135,
    "fields": {
        "title": "\u0411\u0438\u043b\u0438\u0431\u0438\u043d\u043e",
        "region": 1333
    }
},
{
    "model": "home.city",
    "pk": 1136,
    "fields": {
        "title": "\u041f\u0435\u0432\u0435\u043a",
        "region": 1333
    }
},
{
    "model": "home.city",
    "pk": 1137,
    "fields": {
        "title": "\u0413\u0443\u0431\u043a\u0438\u043d\u0441\u043a\u0438\u0439",
        "region": 1334
    }
},
{
    "model": "home.city",
    "pk": 1138,
    "fields": {
        "title": "\u041b\u0430\u0431\u044b\u0442\u043d\u0430\u043d\u0433\u0438",
        "region": 1334
    }
},
{
    "model": "home.city",
    "pk": 1139,
    "fields": {
        "title": "\u041c\u0443\u0440\u0430\u0432\u043b\u0435\u043d\u043a\u043e",
        "region": 1334
    }
},
{
    "model": "home.city",
    "pk": 1140,
    "fields": {
        "title": "\u041d\u0430\u0434\u044b\u043c",
        "region": 1334
    }
},
{
    "model": "home.city",
    "pk": 1141,
    "fields": {
        "title": "\u041d\u043e\u0432\u044b\u0439 \u0423\u0440\u0435\u043d\u0433\u043e\u0439",
        "region": 1334
    }
},
{
    "model": "home.city",
    "pk": 1142,
    "fields": {
        "title": "\u041d\u043e\u044f\u0431\u0440\u044c\u0441\u043a",
        "region": 1334
    }
},
{
    "model": "home.city",
    "pk": 1143,
    "fields": {
        "title": "\u0421\u0430\u043b\u0435\u0445\u0430\u0440\u0434",
        "region": 1334
    }
},
{
    "model": "home.city",
    "pk": 1144,
    "fields": {
        "title": "\u0422\u0430\u0440\u043a\u043e-\u0421\u0430\u043b\u0435",
        "region": 1334
    }
},
{
    "model": "home.city",
    "pk": 1145,
    "fields": {
        "title": "\u0410\u043b\u0443\u043f\u043a\u0430",
        "region": 1335
    }
},
{
    "model": "home.city",
    "pk": 1146,
    "fields": {
        "title": "\u0410\u043b\u0443\u0448\u0442\u0430",
        "region": 1335
    }
},
{
    "model": "home.city",
    "pk": 1147,
    "fields": {
        "title": "\u0410\u0440\u043c\u044f\u043d\u0441\u043a",
        "region": 1335
    }
},
{
    "model": "home.city",
    "pk": 1148,
    "fields": {
        "title": "\u0410\u0440\u043c\u044f\u043d\u0441\u044c\u043a",
        "region": 1335
    }
},
{
    "model": "home.city",
    "pk": 1149,
    "fields": {
        "title": "\u0411\u0430\u0445\u0447\u0438\u0441\u0430\u0440\u0430\u0439",
        "region": 1335
    }
},
{
    "model": "home.city",
    "pk": 1150,
    "fields": {
        "title": "\u0411\u0435\u043b\u043e\u0433\u043e\u0440\u0441\u043a",
        "region": 1335
    }
},
{
    "model": "home.city",
    "pk": 1151,
    "fields": {
        "title": "\u0414\u0436\u0430\u043d\u043a\u043e\u0439",
        "region": 1335
    }
},
{
    "model": "home.city",
    "pk": 1152,
    "fields": {
        "title": "\u0415\u0432\u043f\u0430\u0442\u043e\u0440\u0438\u044f",
        "region": 1335
    }
},
{
    "model": "home.city",
    "pk": 1153,
    "fields": {
        "title": "\u041a\u0435\u0440\u0447\u044c",
        "region": 1335
    }
},
{
    "model": "home.city",
    "pk": 1154,
    "fields": {
        "title": "\u041a\u0440\u0430\u0441\u043d\u043e\u043f\u0435\u0440\u0435\u043a\u043e\u043f\u0441\u043a",
        "region": 1335
    }
},
{
    "model": "home.city",
    "pk": 1155,
    "fields": {
        "title": "\u041f\u043e\u0434\u0433\u043e\u0440\u043d\u043e\u0435",
        "region": 1335
    }
},
{
    "model": "home.city",
    "pk": 1156,
    "fields": {
        "title": "\u0421\u0430\u043a\u0438",
        "region": 1335
    }
},
{
    "model": "home.city",
    "pk": 1157,
    "fields": {
        "title": "\u0421\u0438\u043c\u0444\u0435\u0440\u043e\u043f\u043e\u043b\u044c",
        "region": 1335
    }
},
{
    "model": "home.city",
    "pk": 1158,
    "fields": {
        "title": "\u0421\u0442\u0430\u0440\u044b\u0439 \u043a\u0440\u044b\u043c",
        "region": 1335
    }
},
{
    "model": "home.city",
    "pk": 1159,
    "fields": {
        "title": "\u0421\u0443\u0434\u0430\u043a",
        "region": 1335
    }
},
{
    "model": "home.city",
    "pk": 1160,
    "fields": {
        "title": "\u0424\u0435\u043e\u0434\u043e\u0441\u0438\u044f",
        "region": 1335
    }
},
{
    "model": "home.city",
    "pk": 1161,
    "fields": {
        "title": "\u0429\u0435\u043b\u043a\u0438\u043d\u043e",
        "region": 1335
    }
},
{
    "model": "home.city",
    "pk": 1162,
    "fields": {
        "title": "\u042f\u043b\u0442\u0430",
        "region": 1335
    }
},
{
    "model": "home.city",
    "pk": 1163,
    "fields": {
        "title": "\u0418\u043d\u043a\u0435\u0440\u043c\u0430\u043d",
        "region": 1336
    }
},
{
    "model": "home.city",
    "pk": 1164,
    "fields": {
        "title": "\u0421\u0435\u0432\u0430\u0441\u0442\u043e\u043f\u043e\u043b\u044c",
        "region": 1336
    }
},
{
    "model": "home.library",
    "pk": 1,
    "fields": {
        "title": "\u0411\u0438\u0431\u043b\u0438\u043e\u0442\u0435\u043a\u0430 1",
        "city": 3,
        "address": "\u0443\u043b. \u041f\u0443\u0448\u043a\u0438\u043d\u0430, 1",
        "contact_info": "7",
        "about": "9",
        "library_kind": 2,
        "library_type": 3,
        "legal_entity_name": "1",
        "legal_entity_address": "2",
        "bin": "3",
        "inn": "4",
        "crr": "6",
        "reservation_recommended_time": 14,
        "return_time_delay_max": 7,
        "enabled": true,
        "created_at": "2016-12-02T12:21:22.251Z",
        "updated_at": "2018-03-28T13:07:29.266Z",
        "reader_tickets": [
            7,
            15
        ],
        "admins": [
            23,
            27,
            28,
            29
        ],
        "comments": [
            7
        ]
    }
},
{
    "model": "home.library",
    "pk": 2,
    "fields": {
        "title": "\u0411\u0438\u0431\u043b\u0438\u043e\u0442\u0435\u043a\u0430 2",
        "city": 2,
        "address": "\u0410\u0434\u0440\u0435\u04412",
        "contact_info": "",
        "about": "",
        "library_kind": 1,
        "library_type": 1,
        "legal_entity_name": "",
        "legal_entity_address": "",
        "bin": "",
        "inn": "",
        "crr": "",
        "reservation_recommended_time": null,
        "return_time_delay_max": null,
        "enabled": true,
        "created_at": "2016-12-09T12:55:30.930Z",
        "updated_at": "2016-12-14T09:56:48.686Z",
        "reader_tickets": [],
        "admins": [],
        "comments": []
    }
},
{
    "model": "home.library",
    "pk": 4,
    "fields": {
        "title": "\u041a\u0440\u044b\u043c\u0441\u043a\u043e\u0435 \u0440\u0435\u0441\u043f\u0443\u0431\u043b\u0438\u043a\u0430\u043d\u0441\u043a\u043e\u0435 \u0443\u0447\u0440\u0435\u0436\u0434\u0435\u043d\u0438\u0435 \"\u0414\u0435\u0442\u0441\u043a\u0430\u044f \u0431\u0438\u0431\u043b\u0438\u043e\u0442\u0435\u043a\u0430 \u0438\u043c. \u0412.\u041d. \u041e\u0440\u043b\u043e\u0432\u0430\"",
        "city": 5,
        "address": "\u0443\u043b. \u0422\u0443\u0440\u0433\u0435\u043d\u0435\u0432\u0430, 16, \u0433. \u0421\u0438\u043c\u0444\u0435\u0440\u043e\u043f\u043e\u043b\u044c, \u0420\u0435\u0441\u043f\u0443\u0431\u043b\u0438\u043a\u0430 \u041a\u0440\u044b\u043c, 295017",
        "contact_info": "",
        "about": "",
        "library_kind": 7,
        "library_type": 1,
        "legal_entity_name": "",
        "legal_entity_address": "",
        "bin": "",
        "inn": "",
        "crr": "",
        "reservation_recommended_time": null,
        "return_time_delay_max": null,
        "enabled": false,
        "created_at": "2016-12-18T15:42:28.985Z",
        "updated_at": "2016-12-18T15:42:28.985Z",
        "reader_tickets": [],
        "admins": [],
        "comments": []
    }
},
{
    "model": "home.libraryrequestaccess",
    "pk": 2,
    "fields": {
        "library": 2,
        "user": 22,
        "approved": false,
        "approved_by": null,
        "created_at": "2016-12-09T13:04:07.732Z",
        "updated_at": "2016-12-09T13:04:07.732Z"
    }
},
{
    "model": "home.libraryrequestaccess",
    "pk": 3,
    "fields": {
        "library": 1,
        "user": 30,
        "approved": true,
        "approved_by": 23,
        "created_at": "2016-12-21T14:04:17.337Z",
        "updated_at": "2016-12-22T14:05:59.271Z"
    }
},
{
    "model": "home.profile",
    "pk": 5,
    "fields": {
        "user": 17,
        "city": 3,
        "address": "",
        "dnevnik_id": null
    }
},
{
    "model": "home.profile",
    "pk": 10,
    "fields": {
        "user": 22,
        "city": 3,
        "address": "\u043f\u0440-\u0442 \u0418\u0432\u0430\u043d\u043e\u0432\u0430, 1",
        "dnevnik_id": null
    }
},
{
    "model": "home.profile",
    "pk": 11,
    "fields": {
        "user": 23,
        "city": null,
        "address": "",
        "dnevnik_id": null
    }
},
{
    "model": "home.profile",
    "pk": 12,
    "fields": {
        "user": 26,
        "city": 3,
        "address": "",
        "dnevnik_id": null
    }
},
{
    "model": "home.profile",
    "pk": 13,
    "fields": {
        "user": 27,
        "city": null,
        "address": null,
        "dnevnik_id": null
    }
},
{
    "model": "home.profile",
    "pk": 14,
    "fields": {
        "user": 28,
        "city": null,
        "address": "",
        "dnevnik_id": null
    }
},
{
    "model": "home.profile",
    "pk": 15,
    "fields": {
        "user": 29,
        "city": null,
        "address": null,
        "dnevnik_id": null
    }
},
{
    "model": "home.profile",
    "pk": 16,
    "fields": {
        "user": 30,
        "city": 2,
        "address": "",
        "dnevnik_id": null
    }
},
{
    "model": "reader_cabinet.readerticket",
    "pk": 2,
    "fields": {
        "user": 17
    }
},
{
    "model": "reader_cabinet.readerticket",
    "pk": 7,
    "fields": {
        "user": 22
    }
},
{
    "model": "reader_cabinet.readerticket",
    "pk": 8,
    "fields": {
        "user": 23
    }
},
{
    "model": "reader_cabinet.readerticket",
    "pk": 11,
    "fields": {
        "user": 26
    }
},
{
    "model": "reader_cabinet.readerticket",
    "pk": 12,
    "fields": {
        "user": 27
    }
},
{
    "model": "reader_cabinet.readerticket",
    "pk": 13,
    "fields": {
        "user": 28
    }
},
{
    "model": "reader_cabinet.readerticket",
    "pk": 14,
    "fields": {
        "user": 29
    }
},
{
    "model": "reader_cabinet.readerticket",
    "pk": 15,
    "fields": {
        "user": 30
    }
},
{
    "model": "documents.rubric",
    "pk": 1,
    "fields": {
        "title": "\u0420\u043e\u043c\u0430\u043d"
    }
},
{
    "model": "documents.rubric",
    "pk": 2,
    "fields": {
        "title": "\u0421\u0442\u0438\u0445\u0438"
    }
},
{
    "model": "documents.rubric",
    "pk": 3,
    "fields": {
        "title": "\u0420\u043e\u043c\u0430\u043d 2"
    }
},
{
    "model": "documents.rubric",
    "pk": 4,
    "fields": {
        "title": "\u0420\u043e\u043c\u0430\u043d 3"
    }
},
{
    "model": "documents.rubric",
    "pk": 5,
    "fields": {
        "title": "\u0420\u043e\u043c\u0430\u043d 5"
    }
},
{
    "model": "documents.anotherperson",
    "pk": 1,
    "fields": {
        "title": "\u041f\u0443\u0448\u043a\u0438\u043d \u0410\u043b\u0435\u043a\u0441\u0430\u043d\u0434\u0440 \u0421\u0435\u0440\u0433\u0435\u0435\u0432\u0438\u0447"
    }
},
{
    "model": "documents.anotherperson",
    "pk": 2,
    "fields": {
        "title": "\u041f\u0443\u0448\u043a\u0438\u043d 2"
    }
},
{
    "model": "documents.anotherperson",
    "pk": 3,
    "fields": {
        "title": "\u041f\u0443\u0448\u043a\u0438\u043d 3"
    }
},
{
    "model": "documents.anotherperson",
    "pk": 4,
    "fields": {
        "title": "\u041f\u0443\u0448\u043a\u0438\u043d 4"
    }
},
{
    "model": "documents.anotherperson",
    "pk": 5,
    "fields": {
        "title": "\u041f\u0443\u0448\u043a\u0438\u043d 5"
    }
},
{
    "model": "documents.anotherperson",
    "pk": 6,
    "fields": {
        "title": "\u041f\u0443\u0448\u043a\u0438\u043d 6"
    }
},
{
    "model": "documents.anotherperson",
    "pk": 7,
    "fields": {
        "title": "\u041f\u0443\u0448\u043a\u0438\u043d 7"
    }
},
{
    "model": "documents.anotherperson",
    "pk": 8,
    "fields": {
        "title": "\u041f\u0443\u0448\u043a\u0438\u043d 30"
    }
},
{
    "model": "documents.anotherperson",
    "pk": 9,
    "fields": {
        "title": "\u041f\u0443\u0448\u043a\u0438\u043d 11"
    }
},
{
    "model": "documents.anotherperson",
    "pk": 10,
    "fields": {
        "title": "\u041b\u0435\u0440\u043c\u043e\u043d\u0442\u043e\u0432"
    }
},
{
    "model": "documents.anotherperson",
    "pk": 11,
    "fields": {
        "title": "\u041b\u0435\u0440\u043c\u043e\u043d\u0442\u043e\u0432 2"
    }
},
{
    "model": "documents.anotherperson",
    "pk": 12,
    "fields": {
        "title": "\u041b\u0435\u0440\u043c\u043e\u043d\u0442\u043e\u0432 3"
    }
},
{
    "model": "documents.anotherperson",
    "pk": 13,
    "fields": {
        "title": "\u041b\u0435\u0440\u043c\u043e\u043d\u0442\u043e\u0432 4"
    }
},
{
    "model": "documents.anotherperson",
    "pk": 14,
    "fields": {
        "title": "\u041b\u0435\u0440\u043c\u043e\u043d\u0442\u043e\u0432 5"
    }
},
{
    "model": "documents.anotherperson",
    "pk": 15,
    "fields": {
        "title": "\u041b\u0435\u0440\u043c\u043e\u043d\u0442\u043e\u0432 6"
    }
},
{
    "model": "documents.anotherperson",
    "pk": 16,
    "fields": {
        "title": "\u0415\u0449\u0451 \u043e\u0434\u0438\u043d \u043f\u0443\u0448\u043a\u0438\u043d"
    }
},
{
    "model": "documents.documenttype",
    "pk": 1,
    "fields": {
        "title": "\u041a\u043d\u0438\u0433\u0430"
    }
},
{
    "model": "documents.documenttype",
    "pk": 2,
    "fields": {
        "title": "\u0416\u0443\u0440\u043d\u0430\u043b"
    }
},
{
    "model": "documents.documentstatus",
    "pk": 1,
    "fields": {
        "title": "\u0414\u043e\u0441\u0442\u0443\u043f\u0435\u043d"
    }
},
{
    "model": "documents.documentstatus",
    "pk": 2,
    "fields": {
        "title": "\u041d\u0435 \u0434\u043e\u0441\u0442\u0443\u043f\u0435\u043d"
    }
},
{
    "model": "documents.document",
    "pk": 1,
    "fields": {
        "title": "\u041f\u0443\u0448\u043a\u0438\u043d \u0432 \u0438\u0437\u0433\u043d\u0430\u043d\u0438\u0438",
        "catalog_number": "1",
        "library": 1,
        "author": "\u041d\u043e\u0432\u0438\u043a\u043e\u0432 \u0418\u0432\u0430\u043d \u0410\u043b\u0435\u043a\u0441\u0435\u0435\u0432\u0438\u0447",
        "language": "\u0420\u0443\u0441\u0441\u043a\u0438\u0439",
        "notes": "\u0421\u043e\u0434\u0435\u0440\u0436.: \u041f\u0443\u0448\u043a\u0438\u043d \u043d\u0430 \u044e\u0433\u0435; \u041f\u0443\u0448\u043a\u0438\u043d \u0432 \u041c\u0438\u0445\u0430\u0439\u043b\u043e\u0432\u0441\u043a\u043e\u043c . - \u041f\u0435\u0440\u0435\u0440\u0430\u0431\u043e\u0442\u043a\u0430 \u0434\u0432\u0443\u0445 \u0440\u0430\u043d\u0435\u0435 \u0438\u0437\u0434. \u0440\u043e\u043c\u0430\u043d\u043e\u0432",
        "utilized": false,
        "document_type": 1,
        "document_status": 1,
        "created_by": 27,
        "created_at": "2016-12-06T14:37:24.179Z",
        "updated_at": "2016-12-12T14:06:12.398Z",
        "rubrics": [
            1
        ],
        "another_persons": [
            1
        ],
        "comments": []
    }
},
{
    "model": "documents.document",
    "pk": 2,
    "fields": {
        "title": "\u041c\u0430\u0441\u0442\u0435\u0440 \u0438 \u041c\u0430\u0440\u0433\u0430\u0440\u0438\u0442\u0430",
        "catalog_number": "12345",
        "library": 1,
        "author": "\u0411\u0443\u043b\u0433\u0430\u043a\u043e\u0432 \u041c.\u0410.",
        "language": "\u0420\u0443\u0441\u0441\u043a\u0438\u0439",
        "notes": "\u041f\u0440\u0438\u043c\u0435\u0447\u0430\u043d\u0438\u044f",
        "utilized": false,
        "document_type": 1,
        "document_status": 1,
        "created_by": 27,
        "created_at": "2016-12-09T12:57:12.591Z",
        "updated_at": "2016-12-14T15:01:49.628Z",
        "rubrics": [
            1
        ],
        "another_persons": [],
        "comments": []
    }
},
{
    "model": "documents.document",
    "pk": 3,
    "fields": {
        "title": "\u0421\u0442\u043e \u043b\u0435\u0442 \u043e\u0434\u0438\u043d\u043e\u0447\u0435\u0441\u0442\u0432\u0430",
        "catalog_number": "3",
        "library": 1,
        "author": "\u0413\u0430\u0431\u0440\u0438\u044d\u043b\u044c \u0413\u0430\u0440\u0441\u0438\u0430 \u041c\u0430\u0440\u043a\u0435\u0441",
        "language": "\u0420\u0443\u0441\u0441\u043a\u0438\u0439",
        "notes": "\u00ab\u0421\u0442\u043e \u043b\u0435\u0442 \u043e\u0434\u0438\u043d\u043e\u0447\u0435\u0441\u0442\u0432\u0430\u00bb \u2013 \u043e\u0434\u043d\u043e \u0438\u0437 \u043d\u0430\u0438\u0431\u043e\u043b\u0435\u0435 \u0445\u0430\u0440\u0430\u043a\u0442\u0435\u0440\u043d\u044b\u0445 \u0438 \u043f\u043e\u043f\u0443\u043b\u044f\u0440\u043d\u044b\u0445 \u043f\u0440\u043e\u0438\u0437\u0432\u0435\u0434\u0435\u043d\u0438\u0439 \u0432 \u043d\u0430\u043f\u0440\u0430\u0432\u043b\u0435\u043d\u0438\u0438 \u043c\u0430\u0433\u0438\u0447\u0435\u0441\u043a\u043e\u0433\u043e \u0440\u0435\u0430\u043b\u0438\u0437\u043c\u0430.",
        "utilized": false,
        "document_type": 1,
        "document_status": 1,
        "created_by": 28,
        "created_at": "2016-12-14T14:57:30.833Z",
        "updated_at": "2017-01-18T07:51:21.877Z",
        "rubrics": [
            1
        ],
        "another_persons": [],
        "comments": []
    }
},
{
    "model": "documents.document",
    "pk": 4,
    "fields": {
        "title": "\u041c\u043e\u0431\u0438 \u0414\u0438\u043a, \u0438\u043b\u0438 \u0411\u0435\u043b\u044b\u0439 \u043a\u0438\u0442",
        "catalog_number": "4",
        "library": 1,
        "author": "\u0413\u0435\u0440\u043c\u0430\u043d \u041c\u0435\u043b\u0432\u0438\u043b\u043b",
        "language": "\u0420\u0443\u0441\u0441\u043a\u0438\u0439",
        "notes": "\u041f\u043e\u0432\u0435\u0441\u0442\u0432\u043e\u0432\u0430\u043d\u0438\u0435 \u0432\u0435\u0434\u0435\u0442\u0441\u044f \u043e\u0442 \u0438\u043c\u0435\u043d\u0438 \u0430\u043c\u0435\u0440\u0438\u043a\u0430\u043d\u0441\u043a\u043e\u0433\u043e \u043c\u043e\u0440\u044f\u043a\u0430 \u0418\u0437\u043c\u0430\u0438\u043b\u0430, \u0443\u0448\u0435\u0434\u0448\u0435\u0433\u043e \u0432 \u0440\u0435\u0439\u0441 \u043d\u0430 \u043a\u0438\u0442\u043e\u0431\u043e\u0439\u043d\u043e\u043c \u0441\u0443\u0434\u043d\u0435 \u00ab\u041f\u0435\u043a\u043e\u0434\u00bb, \u043a\u0430\u043f\u0438\u0442\u0430\u043d \u043a\u043e\u0442\u043e\u0440\u043e\u0433\u043e, \u0410\u0445\u0430\u0432, \u043e\u0434\u0435\u0440\u0436\u0438\u043c \u0438\u0434\u0435\u0435\u0439 \u043c\u0435\u0441\u0442\u0438 \u0433\u0438\u0433\u0430\u043d\u0442\u0441\u043a\u043e\u043c\u0443 \u0431\u0435\u043b\u043e\u043c\u0443 \u043a\u0438\u0442\u0443, \u0443\u0431\u0438\u0439\u0446\u0435 \u043a\u0438\u0442\u043e\u0431\u043e\u0435\u0432, \u0438\u0437\u0432\u0435\u0441\u0442\u043d\u043e\u043c\u0443 \u043a\u0430\u043a \u041c\u043e\u0431\u0438 \u0414\u0438\u043a.",
        "utilized": false,
        "document_type": 1,
        "document_status": 1,
        "created_by": 23,
        "created_at": "2016-12-14T14:58:13.476Z",
        "updated_at": "2016-12-14T14:58:13.476Z",
        "rubrics": [
            1
        ],
        "another_persons": [],
        "comments": []
    }
},
{
    "model": "documents.document",
    "pk": 5,
    "fields": {
        "title": "\u0412\u0435\u043b\u0438\u043a\u0438\u0439 \u0413\u044d\u0442\u0441\u0431\u0438",
        "catalog_number": "5",
        "library": 1,
        "author": "\u0424\u0440\u044d\u043d\u0441\u0438\u0441 \u0421\u043a\u043e\u0442\u0442 \u0424\u0438\u0446\u0434\u0436\u0435\u0440\u0430\u043b\u044c\u0434",
        "language": "\u0420\u0443\u0441\u0441\u043a\u0438\u0439",
        "notes": "\u0414\u0435\u0439\u0441\u0442\u0432\u0438\u0435 \u0440\u043e\u043c\u0430\u043d\u0430 \u043f\u0440\u043e\u0438\u0441\u0445\u043e\u0434\u0438\u0442 \u043d\u0435\u0434\u0430\u043b\u0435\u043a\u043e \u043e\u0442 \u041d\u044c\u044e-\u0419\u043e\u0440\u043a\u0430, \u043d\u0430 \u00ab\u0437\u043e\u043b\u043e\u0442\u043e\u043c \u043f\u043e\u0431\u0435\u0440\u0435\u0436\u044c\u0435\u00bb \u041b\u043e\u043d\u0433-\u0410\u0439\u043b\u0435\u043d\u0434\u0430, \u0441\u0440\u0435\u0434\u0438 \u0432\u0438\u043b\u043b \u0431\u043e\u0433\u0430\u0447\u0435\u0439. \u0412 1920-\u0435 \u0433\u043e\u0434\u044b \u0432\u0441\u043b\u0435\u0434 \u0437\u0430 \u0445\u0430\u043e\u0441\u043e\u043c \u041f\u0435\u0440\u0432\u043e\u0439 \u043c\u0438\u0440\u043e\u0432\u043e\u0439 \u0430\u043c\u0435\u0440\u0438\u043a\u0430\u043d\u0441\u043a\u043e\u0435 \u043e\u0431\u0449\u0435\u0441\u0442\u0432\u043e \u0432\u0441\u0442\u0443\u043f\u0438\u043b\u043e \u0432 \u0431\u0435\u0441\u043f\u0440\u0435\u0446\u0435\u0434\u0435\u043d\u0442\u043d\u0443\u044e \u043f\u043e\u043b\u043e\u0441\u0443 \u043f\u0440\u043e\u0446\u0432\u0435\u0442\u0430\u043d\u0438\u044f: \u0432 \u00ab\u0440\u0435\u0432\u0443\u0449\u0438\u0435 20-\u0435\u00bb \u044d\u043a\u043e\u043d\u043e\u043c\u0438\u043a\u0430 \u0421\u0428\u0410 \u0441\u0442\u0440\u0435\u043c\u0438\u0442\u0435\u043b\u044c\u043d\u043e \u0440\u0430\u0437\u0432\u0438\u0432\u0430\u043b\u0430\u0441\u044c. \u0412 \u0442\u043e \u0436\u0435 \u0432\u0440\u0435\u043c\u044f \u00ab\u0441\u0443\u0445\u043e\u0439 \u0437\u0430\u043a\u043e\u043d\u00bb \u0441\u0434\u0435\u043b\u0430\u043b \u043c\u043d\u043e\u0433\u0438\u0445 \u0431\u0443\u0442\u043b\u0435\u0433\u0435\u0440\u043e\u0432 \u043c\u0438\u043b\u043b\u0438\u043e\u043d\u0435\u0440\u0430\u043c\u0438 \u0438 \u0434\u0430\u043b \u0437\u043d\u0430\u0447\u0438\u0442\u0435\u043b\u044c\u043d\u044b\u0439 \u0442\u043e\u043b\u0447\u043e\u043a \u0440\u0430\u0437\u0432\u0438\u0442\u0438\u044e \u043e\u0440\u0433\u0430\u043d\u0438\u0437\u043e\u0432\u0430\u043d\u043d\u043e\u0439 \u043f\u0440\u0435\u0441\u0442\u0443\u043f\u043d\u043e\u0441\u0442\u0438. \u0412\u043e\u0441\u0445\u0438\u0449\u0430\u044f\u0441\u044c \u0431\u043e\u0433\u0430\u0442\u044b\u043c\u0438 \u0438 \u0438\u0445 \u043e\u0447\u0430\u0440\u043e\u0432\u0430\u043d\u0438\u0435\u043c, \u0424\u0438\u0446\u0434\u0436\u0435\u0440\u0430\u043b\u044c\u0434 \u0432 \u0442\u043e \u0436\u0435 \u0432\u0440\u0435\u043c\u044f \u043f\u043e\u0440\u0438\u0446\u0430\u0435\u0442 \u043d\u0435\u043e\u0433\u0440\u0430\u043d\u0438\u0447\u0435\u043d\u043d\u044b\u0439 \u043c\u0430\u0442\u0435\u0440\u0438\u0430\u043b\u0438\u0437\u043c \u0438 \u043e\u0442\u0441\u0443\u0442\u0441\u0442\u0432\u0438\u0435 \u043c\u043e\u0440\u0430\u043b\u0438 \u0410\u043c\u0435\u0440\u0438\u043a\u0438 \u0442\u043e\u0433\u043e \u0432\u0440\u0435\u043c\u0435\u043d\u0438.",
        "utilized": false,
        "document_type": 1,
        "document_status": 1,
        "created_by": 23,
        "created_at": "2016-12-14T14:58:47.281Z",
        "updated_at": "2016-12-14T14:58:47.281Z",
        "rubrics": [
            1
        ],
        "another_persons": [],
        "comments": []
    }
},
{
    "model": "documents.document",
    "pk": 6,
    "fields": {
        "title": "\u0413\u0440\u043e\u0437\u0434\u044c\u044f \u0433\u043d\u0435\u0432\u0430",
        "catalog_number": "6",
        "library": 1,
        "author": "\u0414\u0436\u043e\u043d \u0421\u0442\u0435\u0439\u043d\u0431\u0435\u043a",
        "language": "\u0420\u0443\u0441\u0441\u043a\u0438\u0439",
        "notes": "\u0414\u0435\u0439\u0441\u0442\u0432\u0438\u0435 \u0440\u043e\u043c\u0430\u043d\u0430 \u043f\u0440\u043e\u0438\u0441\u0445\u043e\u0434\u0438\u0442 \u0432\u043e \u0432\u0440\u0435\u043c\u0435\u043d\u0430 \u0412\u0435\u043b\u0438\u043a\u043e\u0439 \u0434\u0435\u043f\u0440\u0435\u0441\u0441\u0438\u0438. \u0411\u0435\u0434\u043d\u0430\u044f \u0441\u0435\u043c\u044c\u044f \u0444\u0435\u0440\u043c\u0435\u0440\u043e\u0432-\u0430\u0440\u0435\u043d\u0434\u0430\u0442\u043e\u0440\u043e\u0432, \u0414\u0436\u043e\u0443\u0434\u044b, \u0432\u044b\u043d\u0443\u0436\u0434\u0435\u043d\u0430 \u043f\u043e\u043a\u0438\u043d\u0443\u0442\u044c \u0441\u0432\u043e\u0439 \u0434\u043e\u043c \u0432 \u041e\u043a\u043b\u0430\u0445\u043e\u043c\u0435 \u0438\u0437-\u0437\u0430 \u0437\u0430\u0441\u0443\u0445\u0438, \u044d\u043a\u043e\u043d\u043e\u043c\u0438\u0447\u0435\u0441\u043a\u0438\u0445 \u0442\u0440\u0443\u0434\u043d\u043e\u0441\u0442\u0435\u0439 \u0438 \u0438\u0437\u043c\u0435\u043d\u0435\u043d\u0438\u0439 \u0432 \u043f\u0440\u0438\u043d\u0446\u0438\u043f\u0430\u0445 \u0432\u0435\u0434\u0435\u043d\u0438\u044f \u0441\u0435\u043b\u044c\u0441\u043a\u043e\u0433\u043e \u0445\u043e\u0437\u044f\u0439\u0441\u0442\u0432\u0430. \u0412 \u043f\u0440\u0430\u043a\u0442\u0438\u0447\u0435\u0441\u043a\u0438 \u0431\u0435\u0437\u0432\u044b\u0445\u043e\u0434\u043d\u043e\u0439 \u0441\u0438\u0442\u0443\u0430\u0446\u0438\u0438 \u043e\u043d\u0438 \u043d\u0430\u043f\u0440\u0430\u0432\u043b\u044f\u044e\u0442\u0441\u044f \u0432 \u041a\u0430\u043b\u0438\u0444\u043e\u0440\u043d\u0438\u044e \u0432\u043c\u0435\u0441\u0442\u0435 \u0441 \u0442\u044b\u0441\u044f\u0447\u0430\u043c\u0438 \u0434\u0440\u0443\u0433\u0438\u0445 \u0441\u0435\u043c\u0435\u0439 \u00ab\u043e\u043a\u0438\u00bb, \u043d\u0430\u0434\u0435\u044f\u0441\u044c \u043d\u0430\u0439\u0442\u0438 \u0442\u0430\u043c \u0441\u0440\u0435\u0434\u0441\u0442\u0432\u0430 \u043a \u0441\u0443\u0449\u0435\u0441\u0442\u0432\u043e\u0432\u0430\u043d\u0438\u044e.",
        "utilized": false,
        "document_type": 1,
        "document_status": 1,
        "created_by": 23,
        "created_at": "2016-12-14T14:59:16.869Z",
        "updated_at": "2016-12-14T14:59:16.869Z",
        "rubrics": [
            1
        ],
        "another_persons": [],
        "comments": []
    }
},
{
    "model": "documents.document",
    "pk": 7,
    "fields": {
        "title": "\u0423\u043b\u0438\u0441\u0441",
        "catalog_number": "8",
        "library": 1,
        "author": "\u0414\u0436\u0435\u0439\u043c\u0441 \u0414\u0436\u043e\u0439\u0441",
        "language": "\u0420\u0443\u0441\u0441\u043a\u0438\u0439",
        "notes": "\u0420\u043e\u043c\u0430\u043d \u043f\u043e\u0432\u0435\u0441\u0442\u0432\u0443\u0435\u0442 \u043e\u0431 \u043e\u0434\u043d\u043e\u043c \u0434\u043d\u0435 (16 \u0438\u044e\u043d\u044f 1904 \u0433\u043e\u0434\u0430, \u0432 \u043d\u0430\u0441\u0442\u043e\u044f\u0449\u0435\u0435 \u0432\u0440\u0435\u043c\u044f \u044d\u0442\u0430 \u0434\u0430\u0442\u0430 \u043e\u0442\u043c\u0435\u0447\u0430\u0435\u0442\u0441\u044f \u043a\u0430\u043a \u0411\u043b\u0443\u043c\u0441\u0434\u044d\u0439, \u00ab\u0434\u0435\u043d\u044c \u0411\u043b\u0443\u043c\u0430\u00bb) \u0434\u0443\u0431\u043b\u0438\u043d\u0441\u043a\u043e\u0433\u043e \u043e\u0431\u044b\u0432\u0430\u0442\u0435\u043b\u044f \u0438 \u0435\u0432\u0440\u0435\u044f \u043f\u043e \u043d\u0430\u0446\u0438\u043e\u043d\u0430\u043b\u044c\u043d\u043e\u0441\u0442\u0438 \u2013 \u041b\u0435\u043e\u043f\u043e\u043b\u044c\u0434\u0430 \u0411\u043b\u0443\u043c\u0430.",
        "utilized": false,
        "document_type": 1,
        "document_status": 1,
        "created_by": 23,
        "created_at": "2016-12-14T14:59:45.502Z",
        "updated_at": "2016-12-22T14:25:27.244Z",
        "rubrics": [
            1
        ],
        "another_persons": [],
        "comments": [
            10
        ]
    }
},
{
    "model": "documents.document",
    "pk": 8,
    "fields": {
        "title": "\u041b\u043e\u043b\u0438\u0442\u0430",
        "catalog_number": "8",
        "library": 1,
        "author": "\u0412\u043b\u0430\u0434\u0438\u043c\u0438\u0440 \u041d\u0430\u0431\u043e\u043a\u043e\u0432",
        "language": "\u0420\u0443\u0441\u0441\u043a\u0438\u0439",
        "notes": "\u00ab\u041b\u043e\u043b\u0438\u0442\u0430\u00bb \u044f\u0432\u043b\u044f\u0435\u0442\u0441\u044f \u043d\u0430\u0438\u0431\u043e\u043b\u0435\u0435 \u0438\u0437\u0432\u0435\u0441\u0442\u043d\u044b\u043c \u0438\u0437 \u0432\u0441\u0435\u0445 \u0440\u043e\u043c\u0430\u043d\u043e\u0432 \u041d\u0430\u0431\u043e\u043a\u043e\u0432\u0430. \u0422\u0435\u043c\u0430 \u0440\u043e\u043c\u0430\u043d\u0430 \u0431\u044b\u043b\u0430 \u043d\u0435\u043c\u044b\u0441\u043b\u0438\u043c\u043e\u0439 \u0434\u043b\u044f \u0441\u0432\u043e\u0435\u0433\u043e \u0432\u0440\u0435\u043c\u0435\u043d\u0438 \u2013 \u0438\u0441\u0442\u043e\u0440\u0438\u044f \u0432\u0437\u0440\u043e\u0441\u043b\u043e\u0433\u043e \u043c\u0443\u0436\u0447\u0438\u043d\u044b, \u0441\u0442\u0440\u0430\u0441\u0442\u043d\u043e \u0443\u0432\u043b\u0435\u043a\u0448\u0435\u0433\u043e\u0441\u044f \u0434\u0432\u0435\u043d\u0430\u0434\u0446\u0430\u0442\u0438\u043b\u0435\u0442\u043d\u0435\u0439 \u0434\u0435\u0432\u043e\u0447\u043a\u043e\u0439.",
        "utilized": false,
        "document_type": 1,
        "document_status": 1,
        "created_by": 23,
        "created_at": "2016-12-14T15:00:29.590Z",
        "updated_at": "2016-12-14T15:00:29.590Z",
        "rubrics": [
            1
        ],
        "another_persons": [],
        "comments": []
    }
},
{
    "model": "documents.document",
    "pk": 9,
    "fields": {
        "title": "\u0428\u0443\u043c \u0438 \u044f\u0440\u043e\u0441\u0442\u044c",
        "catalog_number": "9",
        "library": 1,
        "author": "\u0423\u0438\u043b\u044c\u044f\u043c \u0424\u043e\u043b\u043a\u043d\u0435\u0440",
        "language": "\u0420\u0443\u0441\u0441\u043a\u0438\u0439",
        "notes": "\u041e\u0441\u043d\u043e\u0432\u043d\u0430\u044f \u0441\u044e\u0436\u0435\u0442\u043d\u0430\u044f \u043b\u0438\u043d\u0438\u044f \u043f\u043e\u0432\u0435\u0441\u0442\u0432\u0443\u0435\u0442 \u043e\u0431 \u0443\u0432\u044f\u0434\u0430\u043d\u0438\u0438 \u043e\u0434\u043d\u043e\u0433\u043e \u0438\u0437 \u0441\u0442\u0430\u0440\u0435\u0439\u0448\u0438\u0445 \u0438 \u043d\u0430\u0438\u0431\u043e\u043b\u0435\u0435 \u0432\u043b\u0438\u044f\u0442\u0435\u043b\u044c\u043d\u044b\u0445 \u0441\u0435\u043c\u0435\u0439\u0441\u0442\u0432 \u0430\u043c\u0435\u0440\u0438\u043a\u0430\u043d\u0441\u043a\u043e\u0433\u043e \u042e\u0433\u0430 \u2013 \u041a\u043e\u043c\u043f\u0441\u043e\u043d\u043e\u0432. \u0412 \u0442\u0435\u0447\u0435\u043d\u0438\u0435 \u043f\u0440\u0438\u043c\u0435\u0440\u043d\u043e 30 \u043b\u0435\u0442, \u043e\u043f\u0438\u0441\u0430\u043d\u043d\u044b\u0445 \u0432 \u0440\u043e\u043c\u0430\u043d\u0435, \u0441\u0435\u043c\u044c\u044f \u0441\u0442\u0430\u043b\u043a\u0438\u0432\u0430\u0435\u0442\u0441\u044f \u0441 \u0444\u0438\u043d\u0430\u043d\u0441\u043e\u0432\u044b\u043c \u043a\u0440\u0430\u0445\u043e\u043c, \u0442\u0435\u0440\u044f\u0435\u0442 \u0443\u0432\u0430\u0436\u0435\u043d\u0438\u0435 \u0432 \u0433\u043e\u0440\u043e\u0434\u0435, \u0430 \u043c\u043d\u043e\u0433\u0438\u0435 \u0447\u043b\u0435\u043d\u044b \u0441\u0435\u043c\u0435\u0439\u0441\u0442\u0432\u0430 \u0442\u0440\u0430\u0433\u0438\u0447\u0435\u0441\u043a\u0438 \u0437\u0430\u043a\u0430\u043d\u0447\u0438\u0432\u0430\u044e\u0442 \u0441\u0432\u043e\u044e \u0436\u0438\u0437\u043d\u044c.",
        "utilized": false,
        "document_type": 1,
        "document_status": 1,
        "created_by": 23,
        "created_at": "2016-12-14T15:01:01.314Z",
        "updated_at": "2016-12-22T14:11:35.039Z",
        "rubrics": [
            1
        ],
        "another_persons": [],
        "comments": [
            6
        ]
    }
},
{
    "model": "documents.document",
    "pk": 10,
    "fields": {
        "title": "\u041d\u0430 \u043c\u0430\u044f\u043a",
        "catalog_number": "10",
        "library": 1,
        "author": "\u0412\u0438\u0440\u0434\u0436\u0438\u043d\u0438\u044f \u0412\u0443\u043b\u0444",
        "language": "\u0420\u0443\u0441\u0441\u043a\u0438\u0439",
        "notes": "\u0412 \u0446\u0435\u043d\u0442\u0440\u0435 \u0440\u043e\u043c\u0430\u043d\u0430 \u043e\u043a\u0430\u0437\u044b\u0432\u0430\u044e\u0442\u0441\u044f \u0434\u0432\u0430 \u0432\u0438\u0437\u0438\u0442\u0430 \u0441\u0435\u043c\u044c\u0438 \u0420\u044d\u043c\u0437\u0438 \u0432 \u0441\u044a\u0435\u043c\u043d\u044b\u0439 \u0437\u0430\u0433\u043e\u0440\u043e\u0434\u043d\u044b\u0439 \u0434\u043e\u043c \u043d\u0430 \u043e\u0441\u0442\u0440\u043e\u0432\u0435 \u0421\u043a\u0430\u0439 \u0432 \u0428\u043e\u0442\u043b\u0430\u043d\u0434\u0438\u0438 \u0432 1910 \u0438 1920 \u0433\u043e\u0434\u0443. \u00ab\u041d\u0430 \u043c\u0430\u044f\u043a\u00bb \u0441\u043b\u0435\u0434\u0443\u0435\u0442 \u0438 \u0440\u0430\u0441\u0448\u0438\u0440\u044f\u0435\u0442 \u0442\u0440\u0430\u0434\u0438\u0446\u0438\u044e \u043b\u0438\u0442\u0435\u0440\u0430\u0442\u0443\u0440\u044b \u043c\u043e\u0434\u0435\u0440\u043d\u0438\u0437\u043c\u0430 \u041c\u0430\u0440\u0441\u0435\u043b\u044f \u041f\u0440\u0443\u0441\u0442\u0430 \u0438 \u0414\u0436\u0435\u0439\u043c\u0441\u0430 \u0414\u0436\u043e\u0439\u0441\u0430, \u0433\u0434\u0435 \u0441\u044e\u0436\u0435\u0442 \u043e\u0442\u0445\u043e\u0434\u0438\u0442 \u043d\u0430 \u0432\u0442\u043e\u0440\u043e\u0439 \u043f\u043b\u0430\u043d, \u0443\u0441\u0442\u0443\u043f\u0430\u044f \u043c\u0435\u0441\u0442\u043e \u0444\u0438\u043b\u043e\u0441\u043e\u0444\u0441\u043a\u043e\u043c\u0443 \u0441\u0430\u043c\u043e\u0430\u043d\u0430\u043b\u0438\u0437\u0443.",
        "utilized": false,
        "document_type": 1,
        "document_status": 1,
        "created_by": 23,
        "created_at": "2016-12-14T15:01:32.137Z",
        "updated_at": "2016-12-19T08:54:52.207Z",
        "rubrics": [
            1,
            3,
            5
        ],
        "another_persons": [
            13,
            15
        ],
        "comments": []
    }
},
{
    "model": "documents.document",
    "pk": 11,
    "fields": {
        "title": "\u0410\u043d\u043d\u0430 \u041a\u0430\u0440\u0435\u043d\u0438\u043d\u0430",
        "catalog_number": "1",
        "library": 2,
        "author": "\u041b\u0435\u0432 \u0422\u043e\u043b\u0441\u0442\u043e\u0439",
        "language": "\u0420\u0443\u0441\u0441\u043a\u0438\u0439",
        "notes": "\u00ab\u0410\u043d\u043d\u0430 \u041a\u0430\u0440\u0435\u043d\u0438\u043d\u0430\u00bb \u2013 \u0440\u043e\u043c\u0430\u043d \u041b\u044c\u0432\u0430 \u0422\u043e\u043b\u0441\u0442\u043e\u0433\u043e \u043e \u0442\u0440\u0430\u0433\u0438\u0447\u0435\u0441\u043a\u043e\u0439 \u043b\u044e\u0431\u0432\u0438 \u0437\u0430\u043c\u0443\u0436\u043d\u0435\u0439 \u0434\u0430\u043c\u044b \u0410\u043d\u043d\u044b \u041a\u0430\u0440\u0435\u043d\u0438\u043d\u043e\u0439 \u0438 \u0431\u043b\u0435\u0441\u0442\u044f\u0449\u0435\u0433\u043e \u043e\u0444\u0438\u0446\u0435\u0440\u0430 \u0412\u0440\u043e\u043d\u0441\u043a\u043e\u0433\u043e \u043d\u0430 \u0444\u043e\u043d\u0435 \u0441\u0447\u0430\u0441\u0442\u043b\u0438\u0432\u043e\u0439 \u0441\u0435\u043c\u0435\u0439\u043d\u043e\u0439 \u0436\u0438\u0437\u043d\u0438 \u0434\u0432\u043e\u0440\u044f\u043d \u041a\u043e\u043d\u0441\u0442\u0430\u043d\u0442\u0438\u043d\u0430 \u041b\u0435\u0432\u0438\u043d\u0430 \u0438 \u041a\u0438\u0442\u0438 \u0429\u0435\u0440\u0431\u0430\u0446\u043a\u043e\u0439.",
        "utilized": false,
        "document_type": 1,
        "document_status": 1,
        "created_by": 23,
        "created_at": "2016-12-14T15:02:32.883Z",
        "updated_at": "2016-12-14T15:02:32.883Z",
        "rubrics": [
            1
        ],
        "another_persons": [],
        "comments": []
    }
},
{
    "model": "documents.document",
    "pk": 12,
    "fields": {
        "title": "\u0412\u043e\u0439\u043d\u0430 \u0438 \u043c\u0438\u0440",
        "catalog_number": "2",
        "library": 2,
        "author": "\u041b\u0435\u0432 \u0422\u043e\u043b\u0441\u0442\u043e\u0439",
        "language": "\u0420\u0443\u0441\u0441\u043a\u0438\u0439",
        "notes": "\u00ab\u0412\u043e\u0439\u043d\u0430 \u0438 \u043c\u0438\u0440\u00bb \u2013 \u0440\u043e\u043c\u0430\u043d-\u044d\u043f\u043e\u043f\u0435\u044f, \u043e\u043f\u0438\u0441\u044b\u0432\u0430\u044e\u0449\u0438\u0439 \u0440\u0443\u0441\u0441\u043a\u043e\u0435 \u043e\u0431\u0449\u0435\u0441\u0442\u0432\u043e \u0432 \u044d\u043f\u043e\u0445\u0443 \u0432\u043e\u0439\u043d \u043f\u0440\u043e\u0442\u0438\u0432 \u041d\u0430\u043f\u043e\u043b\u0435\u043e\u043d\u0430 \u0432 1805-1812 \u0433\u043e\u0434\u0430\u0445.",
        "utilized": false,
        "document_type": 1,
        "document_status": 1,
        "created_by": 23,
        "created_at": "2016-12-14T15:03:14.174Z",
        "updated_at": "2016-12-14T15:03:14.174Z",
        "rubrics": [
            1
        ],
        "another_persons": [],
        "comments": []
    }
},
{
    "model": "documents.document",
    "pk": 13,
    "fields": {
        "title": "\u041f\u0440\u0438\u043a\u043b\u044e\u0447\u0435\u043d\u0438\u044f \u0413\u0435\u043a\u043b\u044c\u0431\u0435\u0440\u0440\u0438 \u0424\u0438\u043d\u043d\u0430",
        "catalog_number": "3",
        "library": 2,
        "author": "\u041c\u0430\u0440\u043a \u0422\u0432\u0435\u043d",
        "language": "\u0420\u0443\u0441\u0441\u043a\u0438\u0439",
        "notes": "\u041f\u0440\u0438\u043a\u043b\u044e\u0447\u0435\u043d\u0438\u044f \u0413\u0435\u043a\u043b\u044c\u0431\u0435\u0440\u0440\u0438 \u0424\u0438\u043d\u043d\u0430\u00bb \u2013 \u043f\u0440\u043e\u0434\u043e\u043b\u0436\u0435\u043d\u0438\u0435 \u0440\u043e\u043c\u0430\u043d\u0430 \u00ab\u041f\u0440\u0438\u043a\u043b\u044e\u0447\u0435\u043d\u0438\u044f \u0422\u043e\u043c\u0430 \u0421\u043e\u0439\u0435\u0440\u0430\u00bb. \u0413\u0435\u043a\u043b\u044c\u0431\u0435\u0440\u0440\u0438 \u0424\u0438\u043d\u043d, \u0441\u0431\u0435\u0436\u0430\u0432\u0448\u0438\u0439 \u043e\u0442 \u0436\u0435\u0441\u0442\u043e\u043a\u043e\u0433\u043e \u043e\u0442\u0446\u0430, \u0432\u043c\u0435\u0441\u0442\u0435 \u0441 \u0431\u0435\u0433\u043b\u044b\u043c \u043d\u0435\u0433\u0440\u043e\u043c \u0414\u0436\u0438\u043c\u043e\u043c \u0441\u043f\u043b\u0430\u0432\u043b\u044f\u044e\u0442\u0441\u044f \u043d\u0430 \u043f\u043b\u043e\u0442\u0443 \u043f\u043e \u0440\u0435\u043a\u0435 \u041c\u0438\u0441\u0441\u0438\u0441\u0438\u043f\u0438",
        "utilized": false,
        "document_type": 1,
        "document_status": 1,
        "created_by": 23,
        "created_at": "2016-12-14T15:03:54.006Z",
        "updated_at": "2016-12-14T15:03:54.006Z",
        "rubrics": [
            1
        ],
        "another_persons": [],
        "comments": []
    }
},
{
    "model": "documents.document",
    "pk": 14,
    "fields": {
        "title": "1984",
        "catalog_number": "4",
        "library": 2,
        "author": "\u0414\u0436\u043e\u0440\u0434\u0436 \u041e\u0440\u0443\u044d\u043b\u043b",
        "language": "\u0420\u0443\u0441\u0441\u043a\u0438\u0439",
        "notes": "\u0420\u043e\u043c\u0430\u043d \u00ab1984\u00bb, \u043d\u0430\u0440\u044f\u0434\u0443 \u0441 \u0442\u0430\u043a\u0438\u043c\u0438 \u043f\u0440\u043e\u0438\u0437\u0432\u0435\u0434\u0435\u043d\u0438\u044f\u043c\u0438, \u043a\u0430\u043a \u00ab\u041c\u044b\u00bb \u0415\u0432\u0433\u0435\u043d\u0438\u044f \u0418\u0432\u0430\u043d\u043e\u0432\u0438\u0447\u0430 \u0417\u0430\u043c\u044f\u0442\u0438\u043d\u0430 (1920), \u00ab\u041e \u0434\u0438\u0432\u043d\u044b\u0439 \u043d\u043e\u0432\u044b\u0439 \u043c\u0438\u0440\u00bb \u041e\u043b\u0434\u043e\u0441\u0430 \u0425\u0430\u043a\u0441\u043b\u0438 (1932) \u0438 \u00ab451 \u0433\u0440\u0430\u0434\u0443\u0441 \u043f\u043e \u0424\u0430\u0440\u0435\u043d\u0433\u0435\u0439\u0442\u0443\u00bb \u0420\u044d\u044f \u0411\u0440\u044d\u0434\u0431\u0435\u0440\u0438 (1953), \u0441\u0447\u0438\u0442\u0430\u0435\u0442\u0441\u044f \u043e\u0434\u043d\u0438\u043c \u0438\u0437 \u0438\u0437\u0432\u0435\u0441\u0442\u043d\u0435\u0439\u0448\u0438\u0445 \u043f\u0440\u043e\u0438\u0437\u0432\u0435\u0434\u0435\u043d\u0438\u0439 \u0432 \u0436\u0430\u043d\u0440\u0435 \u0430\u043d\u0442\u0438\u0443\u0442\u043e\u043f\u0438\u0438.",
        "utilized": false,
        "document_type": 1,
        "document_status": 1,
        "created_by": 23,
        "created_at": "2016-12-14T15:04:46.710Z",
        "updated_at": "2016-12-14T15:04:46.710Z",
        "rubrics": [
            1
        ],
        "another_persons": [],
        "comments": []
    }
},
{
    "model": "documents.document",
    "pk": 15,
    "fields": {
        "title": "\u041d\u0430\u0434 \u043f\u0440\u043e\u043f\u0430\u0441\u0442\u044c\u044e \u0432\u043e \u0440\u0436\u0438",
        "catalog_number": "5",
        "library": 2,
        "author": "\u0414\u0436\u0435\u0440\u043e\u043c \u0414. \u0421\u044d\u043b\u0438\u043d\u0434\u0436\u0435\u0440",
        "language": "\u0420\u0443\u0441\u0441\u043a\u0438\u0439",
        "notes": "\u0412 \u0440\u043e\u043c\u0430\u043d\u0435 \u043e\u0442 \u0438\u043c\u0435\u043d\u0438 16-\u043b\u0435\u0442\u043d\u0435\u0433\u043e \u044e\u043d\u043e\u0448\u0438 \u043f\u043e \u0438\u043c\u0435\u043d\u0438 \u0425\u043e\u043b\u0434\u0435\u043d \u0432 \u0432\u0435\u0441\u044c\u043c\u0430 \u043e\u0442\u043a\u0440\u043e\u0432\u0435\u043d\u043d\u043e\u0439 \u0444\u043e\u0440\u043c\u0435 \u0440\u0430\u0441\u0441\u043a\u0430\u0437\u044b\u0432\u0430\u0435\u0442\u0441\u044f \u043e \u0435\u0433\u043e \u043e\u0431\u043e\u0441\u0442\u0440\u0435\u043d\u043d\u043e\u043c \u0432\u043e\u0441\u043f\u0440\u0438\u044f\u0442\u0438\u0438 \u0430\u043c\u0435\u0440\u0438\u043a\u0430\u043d\u0441\u043a\u043e\u0439 \u0434\u0435\u0439\u0441\u0442\u0432\u0438\u0442\u0435\u043b\u044c\u043d\u043e\u0441\u0442\u0438 \u0438 \u043d\u0435\u043f\u0440\u0438\u044f\u0442\u0438\u0438 \u043e\u0431\u0449\u0438\u0445 \u043a\u0430\u043d\u043e\u043d\u043e\u0432 \u0438 \u043c\u043e\u0440\u0430\u043b\u0438 \u0441\u043e\u0432\u0440\u0435\u043c\u0435\u043d\u043d\u043e\u0433\u043e \u043e\u0431\u0449\u0435\u0441\u0442\u0432\u0430.",
        "utilized": false,
        "document_type": 1,
        "document_status": 1,
        "created_by": 23,
        "created_at": "2016-12-14T15:05:23.355Z",
        "updated_at": "2016-12-14T15:05:23.355Z",
        "rubrics": [
            1
        ],
        "another_persons": [],
        "comments": []
    }
},
{
    "model": "documents.document",
    "pk": 16,
    "fields": {
        "title": "\u0427\u0435\u043b\u043e\u0432\u0435\u043a-\u043d\u0435\u0432\u0438\u0434\u0438\u043c\u043a\u0430",
        "catalog_number": "6",
        "library": 2,
        "author": "\u0420\u0430\u043b\u044c\u0444 \u042d\u043b\u043b\u0438\u0441\u043e\u043d",
        "language": "\u0420\u0443\u0441\u0441\u043a\u0438\u0439",
        "notes": "\u00ab\u0427\u0435\u043b\u043e\u0432\u0435\u043a-\u043d\u0435\u0432\u0438\u0434\u0438\u043c\u043a\u0430\u00bb \u2013 \u0435\u0434\u0438\u043d\u0441\u0442\u0432\u0435\u043d\u043d\u044b\u0439 \u0437\u0430\u043a\u043e\u043d\u0447\u0435\u043d\u043d\u044b\u0439 \u0440\u043e\u043c\u0430\u043d \u0420\u0430\u043b\u044c\u0444\u0430 \u042d\u043b\u043b\u0438\u0441\u043e\u043d\u0430, \u0430\u0444\u0440\u043e\u0430\u043c\u0435\u0440\u0438\u043a\u0430\u043d\u0441\u043a\u043e\u0433\u043e \u043f\u0438\u0441\u0430\u0442\u0435\u043b\u044f, \u043b\u0438\u0442\u0435\u0440\u0430\u0442\u0443\u0440\u043d\u043e\u0433\u043e \u043a\u0440\u0438\u0442\u0438\u043a\u0430 \u0438 \u043b\u0438\u0442\u0435\u0440\u0430\u0442\u0443\u0440\u043e\u0432\u0435\u0434\u0430. \u0420\u043e\u043c\u0430\u043d \u043f\u043e\u0441\u0432\u044f\u0449\u0435\u043d \u043f\u043e\u0438\u0441\u043a\u0443 \u0438\u0434\u0435\u043d\u0442\u0438\u0447\u043d\u043e\u0441\u0442\u0438 \u0438 \u043c\u0435\u0441\u0442\u0430 \u0432 \u043e\u0431\u0449\u0435\u0441\u0442\u0432\u0435.",
        "utilized": false,
        "document_type": 1,
        "document_status": 1,
        "created_by": 23,
        "created_at": "2016-12-14T15:06:02.888Z",
        "updated_at": "2016-12-14T15:06:02.888Z",
        "rubrics": [
            1
        ],
        "another_persons": [],
        "comments": []
    }
},
{
    "model": "documents.document",
    "pk": 17,
    "fields": {
        "title": "\u0423\u043b\u043e\u0432\u043a\u0430-22",
        "catalog_number": "7",
        "library": 2,
        "author": "\u0414\u0436\u043e\u0437\u0435\u0444 \u0425\u0435\u043b\u043b\u0435\u0440",
        "language": "\u0420\u0443\u0441\u0441\u043a\u0438\u0439",
        "notes": "1944 \u0433\u043e\u0434. \u041d\u0430 \u043e\u0441\u0442\u0440\u043e\u0432\u043a\u0435 \u041f\u0438\u0430\u043d\u043e\u0437\u0430 \u0432 \u0422\u0438\u0440\u0440\u0435\u043d\u0441\u043a\u043e\u043c \u043c\u043e\u0440\u0435 \u0440\u0430\u0441\u043a\u0432\u0430\u0440\u0442\u0438\u0440\u043e\u0432\u0430\u043d \u0431\u043e\u043c\u0431\u0430\u0440\u0434\u0438\u0440\u043e\u0432\u043e\u0447\u043d\u044b\u0439 \u043f\u043e\u043b\u043a \u0412\u0412\u0421 \u0421\u0428\u0410 (\u043b\u0435\u0442\u0430\u044e\u0449\u0438\u0439 \u043d\u0430 \u0431\u043e\u043c\u0431\u0430\u0440\u0434\u0438\u0440\u043e\u0432\u0449\u0438\u043a\u0430\u0445 North American B-25 Mitchell), \u0432 \u043a\u043e\u0442\u043e\u0440\u043e\u043c \u0441\u043b\u0443\u0436\u0430\u0442 \u043a\u0430\u043f\u0438\u0442\u0430\u043d \u0419\u043e\u0441\u0441\u0430\u0440\u0438\u0430\u043d, \u0433\u043b\u0430\u0432\u043d\u044b\u0439 \u0433\u0435\u0440\u043e\u0439 \u0440\u043e\u043c\u0430\u043d\u0430, \u0438 \u0435\u0433\u043e \u0441\u043e\u0441\u043b\u0443\u0436\u0438\u0432\u0446\u044b.",
        "utilized": false,
        "document_type": 1,
        "document_status": 1,
        "created_by": 23,
        "created_at": "2016-12-14T15:06:40.968Z",
        "updated_at": "2016-12-14T15:06:40.968Z",
        "rubrics": [
            1
        ],
        "another_persons": [],
        "comments": []
    }
},
{
    "model": "documents.document",
    "pk": 18,
    "fields": {
        "title": "\u0414\u0435\u0442\u0438 \u043f\u043e\u043b\u0443\u043d\u043e\u0447\u0438",
        "catalog_number": "9",
        "library": 2,
        "author": "\u0421\u0430\u043b\u043c\u0430\u043d \u0420\u0443\u0448\u0434\u0438",
        "language": "\u0420\u0443\u0441\u0441\u043a\u0438\u0439",
        "notes": "\u041c\u043d\u043e\u0433\u043e\u043f\u043b\u0430\u043d\u043e\u0432\u043e\u0435, \u0444\u0430\u043d\u0442\u0430\u0441\u0442\u0438\u0447\u0435\u0441\u043a\u043e\u0435, \u00ab\u043c\u0430\u0433\u0438\u0447\u0435\u0441\u043a\u043e\u0435\u00bb \u043f\u043e\u0432\u0435\u0441\u0442\u0432\u043e\u0432\u0430\u043d\u0438\u0435 \u043e\u0445\u0432\u0430\u0442\u044b\u0432\u0430\u0435\u0442 \u0438\u0441\u0442\u043e\u0440\u0438\u044e \u0418\u043d\u0434\u0438\u0438 (\u043e\u0442\u0447\u0430\u0441\u0442\u0438 \u0438 \u041f\u0430\u043a\u0438\u0441\u0442\u0430\u043d\u0430) \u0441 1910 \u043f\u043e 1976 \u0433\u043e\u0434. \u041f\u043e\u043b\u0438\u0442\u0438\u0447\u0435\u0441\u043a\u0438\u0435 \u0441\u043e\u0431\u044b\u0442\u0438\u044f, \u043f\u043e\u0434\u0430\u043d\u043d\u044b\u0435 \u044f\u0440\u043a\u043e \u0438 \u043f\u0440\u0438\u0441\u0442\u0440\u0430\u0441\u0442\u043d\u043e, \u043d\u0435 \u0438\u0441\u0447\u0435\u0440\u043f\u044b\u0432\u0430\u044e\u0442 \u0441\u043e\u0431\u043e\u0439 \u043f\u0440\u0438\u0445\u043e\u0442\u043b\u0438\u0432\u043e\u0439 \u0440\u0435\u0430\u043b\u044c\u043d\u043e\u0441\u0442\u0438 \u0440\u043e\u043c\u0430\u043d\u0430.",
        "utilized": false,
        "document_type": 1,
        "document_status": 1,
        "created_by": 23,
        "created_at": "2016-12-14T15:07:15.011Z",
        "updated_at": "2016-12-14T15:07:15.011Z",
        "rubrics": [
            1
        ],
        "another_persons": [],
        "comments": []
    }
},
{
    "model": "documents.document",
    "pk": 19,
    "fields": {
        "title": "\u0412 \u0434\u043e\u0440\u043e\u0433\u0435",
        "catalog_number": "10",
        "library": 2,
        "author": "\u0414\u0436\u0435\u043a \u041a\u0435\u0440\u0443\u0430\u043a",
        "language": "\u0420\u0443\u0441\u0441\u043a\u0438\u0439",
        "notes": "\u041a\u043d\u0438\u0433\u0430, \u0441\u0447\u0438\u0442\u0430\u044e\u0449\u0430\u044f\u0441\u044f \u0432\u0430\u0436\u043d\u0435\u0439\u0448\u0438\u043c \u043e\u0431\u0440\u0430\u0437\u0446\u043e\u043c \u043b\u0438\u0442\u0435\u0440\u0430\u0442\u0443\u0440\u044b \u0431\u0438\u0442-\u043f\u043e\u043a\u043e\u043b\u0435\u043d\u0438\u044f, \u043f\u043e\u0432\u0435\u0441\u0442\u0432\u0443\u0435\u0442 \u043e \u043f\u0443\u0442\u0435\u0448\u0435\u0441\u0442\u0432\u0438\u044f\u0445 \u0414\u0436\u0435\u043a\u0430 \u041a\u0435\u0440\u0443\u0430\u043a\u0430 \u0438 \u0435\u0433\u043e \u0431\u043b\u0438\u0437\u043a\u043e\u0433\u043e \u0434\u0440\u0443\u0433\u0430 \u041d\u0438\u043b\u0430 \u041a\u044d\u0441\u0441\u0438\u0434\u0438 \u043f\u043e \u0442\u0435\u0440\u0440\u0438\u0442\u043e\u0440\u0438\u0438 \u0421\u043e\u0435\u0434\u0438\u043d\u0435\u043d\u043d\u044b\u0445 \u0428\u0442\u0430\u0442\u043e\u0432 \u0410\u043c\u0435\u0440\u0438\u043a\u0438 \u0438 \u041c\u0435\u043a\u0441\u0438\u043a\u0438.",
        "utilized": false,
        "document_type": 1,
        "document_status": 1,
        "created_by": 23,
        "created_at": "2016-12-14T15:07:45.473Z",
        "updated_at": "2016-12-14T15:07:45.473Z",
        "rubrics": [
            1
        ],
        "another_persons": [],
        "comments": []
    }
},
{
    "model": "documents.document",
    "pk": 20,
    "fields": {
        "title": "\u0412 \u043f\u043e\u0438\u0441\u043a\u0430\u0445 \u0443\u0442\u0440\u0430\u0447\u0435\u043d\u043d\u043e\u0433\u043e \u0432\u0440\u0435\u043c\u0435\u043d\u0438",
        "catalog_number": "11",
        "library": 2,
        "author": "\u041c\u0430\u0440\u0441\u0435\u043b\u044c \u041f\u0440\u0443\u0441\u0442",
        "language": "\u0420\u0443\u0441\u0441\u043a\u0438\u0439",
        "notes": "\u00ab\u0412 \u043f\u043e\u0438\u0441\u043a\u0430\u0445 \u0443\u0442\u0440\u0430\u0447\u0435\u043d\u043d\u043e\u0433\u043e \u0432\u0440\u0435\u043c\u0435\u043d\u0438\u00bb \u2013 magnum opus \u0444\u0440\u0430\u043d\u0446\u0443\u0437\u0441\u043a\u043e\u0433\u043e \u043f\u0438\u0441\u0430\u0442\u0435\u043b\u044f-\u043c\u043e\u0434\u0435\u0440\u043d\u0438\u0441\u0442\u0430 \u041c\u0430\u0440\u0441\u0435\u043b\u044f \u041f\u0440\u0443\u0441\u0442\u0430, \u043f\u043e\u043b\u0443\u0430\u0432\u0442\u043e\u0431\u0438\u043e\u0433\u0440\u0430\u0444\u0438\u0447\u0435\u0441\u043a\u0438\u0439 \u0446\u0438\u043a\u043b \u0438\u0437 \u0441\u0435\u043c\u0438 \u0440\u043e\u043c\u0430\u043d\u043e\u0432. \u041f\u0443\u0431\u043b\u0438\u043a\u043e\u0432\u0430\u043b\u0441\u044f \u0432\u043e \u0424\u0440\u0430\u043d\u0446\u0438\u0438 \u0432 \u043f\u0440\u043e\u043c\u0435\u0436\u0443\u0442\u043a\u0435 \u043c\u0435\u0436\u0434\u0443 1913 \u0438 1927 \u0433\u043e\u0434\u0430\u043c\u0438.",
        "utilized": false,
        "document_type": 1,
        "document_status": 1,
        "created_by": 23,
        "created_at": "2016-12-14T15:08:26.316Z",
        "updated_at": "2016-12-14T15:08:26.316Z",
        "rubrics": [
            1
        ],
        "another_persons": [],
        "comments": []
    }
},
{
    "model": "documents.document",
    "pk": 21,
    "fields": {
        "title": "\u041a\u043d\u0438\u0433\u0430 2",
        "catalog_number": "12345",
        "library": 1,
        "author": "\u0410\u0432\u0442\u043e\u0440 2",
        "language": "\u0420\u0443\u0441\u0441\u043a\u0438\u0439",
        "notes": "123",
        "utilized": false,
        "document_type": 1,
        "document_status": 1,
        "created_by": 23,
        "created_at": "2016-12-19T09:38:45.141Z",
        "updated_at": "2016-12-19T09:38:45.141Z",
        "rubrics": [],
        "another_persons": [],
        "comments": []
    }
},
{
    "model": "orders.orderstatus",
    "pk": 1,
    "fields": {
        "title": "\u0417\u0430\u0431\u0440\u043e\u043d\u0438\u0440\u043e\u0432\u0430\u043d"
    }
},
{
    "model": "orders.orderstatus",
    "pk": 2,
    "fields": {
        "title": "\u0412\u044b\u0434\u0430\u043d"
    }
},
{
    "model": "orders.orderstatus",
    "pk": 3,
    "fields": {
        "title": "\u0412\u043e\u0437\u0432\u0440\u0430\u0449\u0451\u043d"
    }
},
{
    "model": "orders.order",
    "pk": 1,
    "fields": {
        "document": 1,
        "user": 22,
        "status": 2,
        "approved": true,
        "created_at": "2016-12-08T13:00:38.038Z",
        "updated_at": "2016-12-08T17:41:19.888Z"
    }
},
{
    "model": "orders.order",
    "pk": 3,
    "fields": {
        "document": 1,
        "user": 22,
        "status": 3,
        "approved": true,
        "created_at": "2016-12-09T08:58:01.321Z",
        "updated_at": "2016-12-14T12:27:37.306Z"
    }
},
{
    "model": "orders.order",
    "pk": 4,
    "fields": {
        "document": 9,
        "user": 22,
        "status": 1,
        "approved": false,
        "created_at": "2016-12-21T14:02:16.677Z",
        "updated_at": "2016-12-21T14:02:16.677Z"
    }
},
{
    "model": "orders.orderaction",
    "pk": 1,
    "fields": {
        "order": 1,
        "status": 2,
        "user": 22,
        "action_date": "2016-12-08T17:41:00.048Z"
    }
},
{
    "model": "orders.orderaction",
    "pk": 4,
    "fields": {
        "order": 3,
        "status": 2,
        "user": 23,
        "action_date": "2016-12-14T12:27:36.166Z"
    }
},
{
    "model": "orders.orderaction",
    "pk": 5,
    "fields": {
        "order": 3,
        "status": 3,
        "user": 27,
        "action_date": "2016-12-14T12:27:37.312Z"
    }
},
{
    "model": "comments.comment",
    "pk": 6,
    "fields": {
        "text": "\u0425\u043e\u0440\u043e\u0448\u0430\u044f \u043a\u043d\u0438\u0433\u0430, \u043c\u043d\u0435 \u043f\u043e\u043d\u0440\u0430\u0432\u0438\u043b\u0430\u0441\u044c!",
        "user": 22,
        "moderated": false,
        "created_at": "2016-12-22T14:11:35.035Z",
        "updated_at": "2016-12-22T14:11:35.036Z"
    }
},
{
    "model": "comments.comment",
    "pk": 7,
    "fields": {
        "text": "\u041e\u0447\u0435\u043d\u044c \u043f\u0440\u0438\u044f\u0442\u043d\u044b\u0439 \u043f\u0435\u0440\u0441\u043e\u043d\u0430\u043b \u0438 \u0431\u043e\u043b\u044c\u0448\u043e\u0439 \u0432\u044b\u0431\u043e\u0440 \u043a\u043d\u0438\u0433.",
        "user": 22,
        "moderated": false,
        "created_at": "2016-12-22T14:12:15.386Z",
        "updated_at": "2016-12-22T14:12:15.386Z"
    }
},
{
    "model": "comments.comment",
    "pk": 10,
    "fields": {
        "text": "\u041e\u0442\u043b\u0438\u0447\u043d\u044b\u0439 \u0440\u043e\u043c\u0430\u043d, \u0440\u0435\u043a\u043e\u043c\u0435\u043d\u0434\u0443\u044e.",
        "user": 22,
        "moderated": true,
        "created_at": "2016-12-22T14:25:27.240Z",
        "updated_at": "2016-12-22T14:25:27.240Z"
    }
}
]
